연번,법인,본부,"Lv1
(센터/실)","Lv2
(부서)","Lv3
(파트/그룹/직무)",직무명,직무설명
1,코퍼,지원본부,인사,인사기획,GHR,주재원관리,"해외주재원 복무규정
  1. 해외주재원 처우 개선 진행
  2, 해외주재원 복무규정 개정
  3. 해외주재원 처우 관련 문의 대응"
2,코퍼,지원본부,인사,인사기획,GHR,주재원관리,"해외주재원 평가 관련 사항 관리
  1. 주재원 소속 본부 관리
  2. 주재원 임기 관리 - 가감점 현황
  3. 해외파견 이력 관리"
3,코퍼,지원본부,인사,인사기획,GHR,주재원관리,"해외주재원 운영계획
  1. 해외법인별 해외주재원 운영 관리
  2. 주재원 증원, 감축 관리"
4,코퍼,지원본부,인사,인사기획,GHR,주재원관리,"예비주재원 관리
  1. 예비주재원 POOL 관리 
  2. 본부별 예비주재원 사전선발 및 관리"
5,코퍼,지원본부,인사,인사기획,GHR,주재원관리,"해외주재원 부귀임 면담
  1. 해외주재원 부임 및 귀임시 면담
  2. 면담보고서 결재 (본부장 전결)"
6,코퍼,지원본부,인사,인사기획,GHR,해외법인관리,"해외법인 품의 대응
  1, 해외법인 급여인상, 승진급 등 인사품의 검토
  2. 품의 구두보고 대응"
7,코퍼,지원본부,인사,인사기획,GHR,해외법인관리,"해외법인 임금인상율 관리
  1. 정부 최저임금
  2. 관리직, 생산직 임금인상율"
8,코퍼,지원본부,인사,인사기획,GHR,해외법인관리,"해외법인 인사현황 관리
  1. 급여매뉴얼
  2. 근태/급여 점검
  3. 조직도"
9,코퍼,지원본부,인사,인사기획,GHR,해외법인관리,"BIS 관리
  1. 해외법인 인원, 인건비 BIS 업로드 현황 관리
  2. 업로드 독려
  3. 업로드 기간 지난 경우, 자료 수정 필요한 경우에 재업로드 시행
  4. 급여품의와 인건비 대조
  4. 해외법인 BIS 문의 대응"
10,코퍼,지원본부,인사,인사기획,GHR,해외법인관리,"동향보고
  1. 전관계사 해외사업장 동향보고 매월 취합
  2. 보고서 (본부장 전결) "
11,코퍼,지원본부,인사,인사기획,GHR,현채인관리,"현채인 관리
  1. 현채인 리스트 관리
  2. 입퇴사 현황 관리
  3. 복리후생 관리
  4. 현지채용 반기별 면담 (해외법인 총무팀장에게 요청하여 결과 취합하여 보고)"
12,코퍼,지원본부,인사,인사기획,GHR,현채인관리,"현채인 임금인상 및 승진급 관리
  1. 국내 급여인상시, 동일 기준으로 현채인 임금인상 진행
  2. 승진급 관리"
13,코퍼,지원본부,인사,인사기획,노무,노무,"사내 도급 운영 및 점검
 1. 분기별 각 사업장 사내도급 자체점검검 계획
 2. 각 사업장 사내도급 점검 개선사항 관리"
14,코퍼,지원본부,인사,인사기획,노무,노무,"한마음협의회 운영관리
 1. 한마음협의회 시행 사전 준비(사전 안건 취합 및 운영 일정 등 준비)
 2. 한마음협의회 진행
 3. 한마음협의회 보고서 작성 및 관리"
15,코퍼,지원본부,인사,인사기획,노무,노무,"인사노무 회의 운영
 1. 각 사업장별 분기별 노무회의 운영
 2. 노무이슈, 특이사항 고유 및 개선대책 등 협의"
16,코퍼,지원본부,인사,인사기획,노무,노무,"고용노동부 근로점검 대응
 1. 정기적 자체점검(불시점검 및 정기점검)
 2. 고용노동부 점검 시 사전 대응 및 준비
 3. 변경되는 근로기준법 자체점검 및 개선"
17,코퍼,지원본부,인사,인사기획,노무,노무,"노동동향 모니터링
 1. 노무관련 주요 이슈 사항 점검
 2. 변경시 사전 조치를 위한 노무관리 활동
 3. 사업장별 사건 사고 확인(관계사 및 해외 사업장 포함)"
18,코퍼,지원본부,인사,인사기획,노무,노무,"노무관리 개선활동
 1. 사내/외 인적네트워크 구성을 통한 노무관리 활동"
19,코퍼,지원본부,인사,인사기획,노무,노무,"조반장 재선임
 1. 조반장 신규 선임 교체 평가 운영
 2. 조반장 정기 재선임 평가 운영"
20,코퍼,지원본부,인사,인사기획,노무,노무,"조반장 간담회 운영
 1. 사업장별 조반장 간담회 시행 
 2. 사업장별 조반장 간담회 실적 및 취합 보고"
21,코퍼,지원본부,인사,인사기획,노무,노무,"해외법인 한마음협의회 운영
 1. 해외법인 한마음협의회 시행 내역 취합
 2. 해외법인 한마음협의회 통합 결과보고서 작성 및 보고"
22,코퍼,지원본부,인사,인사기획,노무,노무,"직원 고충처리 제도 운영
 1. 매월 각 사업장별 고충처리 내역 취합
 2. 직원 고충처리 현황 공지 및 실적 취합정리"
23,코퍼,지원본부,인사,인사기획,노무,노무,"한마음 해외연수 운영
 1. 한마음 해외연수 기획
 2. 한마음 해외연수 운영
 3. 한마음 해외연수 결과보고"
24,코퍼,지원본부,인사,인사기획,노무,노무,"사업장 인사노무 자체점검
 1. 분기별 각 사업장 근로감독 대응 체크리스트 점검 계획
 2. 근로감독 대응 체크리스트 점검 및 개선사항 관리"
25,코퍼,지원본부,인사,인사기획,노무,노무,"노무관련 업무대응
 1. 전사 노무관련 법적 문의 확인 및 노무법인 문의 및 확인"
26,코퍼,지원본부,인사,인사기획,노무,노무,"지방노동위원회 자료 대응
 1. 지방노동위원회 구제신청 내역 정리 및 보고"
27,코퍼,지원본부,인사,인사기획,노무,노무,"기타 노무관련 업무 대응
 1. 사업장별 노무 동향 및 특이 사항 확인(SNS, 오프라인 등)"
28,코퍼,지원본부,인사,인사기획,노무,대외사업(정부),"노사문화 우수기업
 1. 노사문화 우수기업 심사 신청
 2. 노사문화 우수기업 심사(서면, 발표) 자료 준비
 3. 노사문화 우수기업 참가 및 최종 보고"
29,코퍼,지원본부,인사,인사기획,노무,대외사업(정부),"대외포상
 1. 대외포상 공문 접수 시행 실적관리 및 제출 작성 행정처리"
30,코퍼,지원본부,인사,인사기획,노무,복지,"포상
 1. 후보자 추천(공적조서 접수 및 사전심사 준비)
 2. 1차평가 및 심의
 3. 후보자 자료취합(전사, 관계사 포함)
 4. 2차평가 및 심의
 5. 품의서 상신 및 완료시 포상자 공지
 6. 포상 실시"
31,코퍼,지원본부,인사,인사기획,노무,복지,"관리자 업무지원 간담회 운영
 1. 관리직 업무지원 간담회 시행 사전 준비(사전 안건 취합 및 운영 일정 등 준비)
 2. 관리직 업무지원 간담회 진행
 3. 관리직 업무지원 간담회 보고서 작성 및 관리"
32,코퍼,지원본부,인사,인사기획,노무,복지,"복리후생 개선활동
 1. 근로자 요청사항에 대한 수집
 2. 개선요청사항에 대한 타당성 및 타사조사 시행
 3. 개선안 작성 및 보고(제규정 변경)"
33,코퍼,지원본부,인사,인사기획,노무,복지,"직원 만족도 운영
 1. 직원 만족도 항목 설정
 2. 직원 만족도 설문조사
 3. 직원만족도 결과보고 및 개선 과제 관리"
34,코퍼,지원본부,인사,인사기획,노무,복지,"협업포인트 운영
 1. 상,하반기 협업포인트 우수직원 포상 및 운영"
35,코퍼,지원본부,인사,인사기획,노무,인사제도(관계법령),"인사제도 개선
 1. 타사 인사제도 현황조사(인사제도 트렌드 확인)
 2. 제도 개선 Needs 분석 및 검토(개선 요구 사항을 파악하여 타당성 검토)
 3. 인사제도 개선 기획안 작성(내부 보고 및 품의 내역 확인)
 4. 품의서 작성 및 상신
 5. 결재본 공지 및 적용"
36,코퍼,지원본부,인사,인사기획,노무,인사제도(관계법령),"회사 제규정 개정
 1. 취업규칙 관리, 등록
 2. 근로자 동의, 청취
 3. 변경시 고용노동부 신고 및 승인확인"
37,코퍼,지원본부,인사,인사기획,노무,인사제도(관계법령),"연차 법적 운영관리
 1. 전사 연차 산정
 2. 산정된 연차 지침 및 운영 관리"
38,코퍼,지원본부,인사,인사기획,노무,징계,"징계관리
 1. 징계사항 접수
 2. 인사위원회 진행여부 확인
 3. 인사위원회 진행
 4. 인사위원회 결과 품의 및 징계처리 내역 이력관리"
39,코퍼,지원본부,인사,인사기획,노무,징계,"인사위원회 운영
 1. 징계 내역 접수(감사팀, 기타 발생팀)
 2. 인사위원회 개최여부 확인
 3. 인사위원회 시행
 4. 인사위원회 의결 및 결과 보고(이력관리)"
40,코퍼,지원본부,인사,인사기획,노무,징계,"직장 내 괴롭힘/성희롱 운영
 1. 신고접수
 2. 사실관계 조사
 3. 심의위원회 시행
 4. 후속조치 등 운영관리"
41,코퍼,지원본부,인사,인사기획,인사기획,인력계획수립,"1. 인력운영 계획 수립 
  -. 사업의 경영목표와 전략을 달성하기 위해 필요한 년단위, 중장기 단위의  인력의 수요를 예측하고
     조직(본부)별 인력 계획을 수립한다.
2. 월간 인력수급 현황 분석 
  -. 수립된 인력운영계획을 바탕으로 인력의 수급 및 증감 현황을 주기적으로 분석하여 
     인원의 적정성을 파악하여 인력을 효과적으로 배치하기 위한 기초자료를 제공한다. 
3. 인원 DB관리
  -. 최근 10개년 인력운영DB를 보관하고 전사 및 조직별 인원변동 추이를 관리한다.   "
42,코퍼,지원본부,인사,인사기획,인사기획,인사전략,"1. 년간 본부 사업계획 수립 
  -. 매년 경영목표에 따라 사업계획을 수립하고 연간 목표달성을 위한 세부 지침 및 전략을 수립한다. 
2. 월간 인사지표 보고
  -. 인사관련 지표에 대한 월간 보고서를 작성하여 인력 및 조직 운영의 방향성을 제시 한다. "
43,코퍼,지원본부,인사,인사기획,인사기획,인사전략,- 인사 관련 제도/프로세스 기획·개선 업무(비고정적 수시발생)
44,코퍼,지원본부,인사,인사기획,인사기획,조직관리,"국내외 인사발령 (소속변경, 관계사전출, 해외파견, 주재지변경, 조직변경 등)
  1. 경영진 지시사항 또는 각 조직의 요청에 의하여 인사발령 진행
  2. 조직간 협의가 필요한 경우 중재역할 수행
  3. 결재완료 사항에 대하여 인사공지 및 인사관리팀 전달하여 인사시스템 반영"
45,코퍼,지원본부,인사,인사기획,인사기획,조직관리,"직군전환
  1. 직군전환 기준 설정
  2. 대상자 검토 및 내부기준에 따른 대상자 처우 산정
  3. 필요에 따라 평가 진행 후 품의 진행
  4. 결재완료 사항에 대하여 인사관리팀 전달하여 인사시스템 반영"
46,코퍼,지원본부,인사,인사기획,인사기획,조직관리,"사내공모
  1. 현업부서 협조전 접수 및 그룹웨어를 통해 전사공지
  2. 지원자의 적격성 검토 (소속부서 근무기간, 지원이력 등)
  3. 모집부서와 소속부서 간 의견조율 (합/불 여부, 전출동의, 전출일정 등)
  4. 인사발령 진행"
47,코퍼,지원본부,인사,인사기획,인사기획,조직관리,"조직도관리
  1. 당사 조직도 작성 및 관리 (팀장급/팀원포함/인원수 등)
  2. 관계사 조직도 취합 및 관리
  3. 경영진 및 타부서 요청시 대응"
48,코퍼,지원본부,인사,인사기획,인사기획,조직관리,"퇴사자면담
  1. 관리직 퇴사자 발생시 면담진행 (퇴사사유, 조직문화, 업무강도 등)
  2. 퇴사사유 분석 및 개선안 도출"
49,코퍼,지원본부,인사,인사기획,인사기획,직무관리,"위임전결규정
  1. 위임전결규정 신규 제정 및 개정 관리
  2. 개정된 위임전결규정 YPMS 등록"
50,코퍼,지원본부,인사,인사기획,인사기획,직무관리,"직무관리
  1. 직무도식표 및 직무분류체계 관리
  2. 직무조사: 조직별 직무 확인, 개인별 업무비율 조사, 직무가치평가 등"
51,코퍼,지원본부,인사,인사기획,인사기획,직무관리,"조직R&R관리
  1. 조직변경 또는 업무이관시 R&R 접수 및 누적관리"
52,코퍼,지원본부,인사,인사기획,채용,모집,"공고내용 접수받아 정리 공고문 등록 및 홍보
공고기간에 발생하는 구직자의 문의사항을 빠른시일내에 답변
(필요시) 유료인재검색을 통한 다이렉트 소싱 또는 서치펌을 통한 헤드헌팅
(필요시) 채용박람회 기획/참여"
53,코퍼,지원본부,인사,인사기획,채용,선발/배치,"서류심사 : 인사팀 부적격자 탈락 + 채용부서 적합자 선택 
             (필요시 역량검사, 코딩테스트, 사전 전화통화)
면접준비 : 면접관 스케줄 조율, 면접장, 면접안내, 면접비 등
면접진행 및 평가 : 면접대상자 오티, 면접평가 접수 및 결과 확정
경력산정 : 사내규정에 맞게 경력지원자 경력산정 및 안내
채용품의 및 채용검진
최종합격자 입사일자 안내 및 유관부서 안내"
54,코퍼,지원본부,인사,인사기획,채용,온보딩,"기본교육 시행 (회사소개, 회사규정, 생활안내)
입사서류 작성/취합/확인
입사자 부서배치
입사서류 인사관리팀 이관
수습평가 요청/취합/확인하며 미달자 채용취소"
55,코퍼,지원본부,인사,인사기획,채용,정원관리,"인력운영계획에 맞춰 연간 채용스케줄을 계획
(채용의 개선 및 채용관리시스템 갱신 포함하여 진행)
충원소요를 모니터링/충원의뢰 접수/정원을 확인하여 적합성 판단
인력운영계획 자료에 확정된 충원 내용과 특이사항을 수시 업데이트"
56,코퍼,지원본부,인사,인사기획,평가,성과평가,"조직업적 및 본부업적 관리
1. 업적 결과 실적 접수 및 개인별 반영 (지표접수 포함)
2. 지원본부 조직업적 접수 및 각팀별 업적현황 관리 대응 
3. 코퍼 및 관계사 기획팀 업적관련 대응"
57,코퍼,지원본부,인사,인사기획,평가,승진급,"1. 전사 직급별 체류연한 대상자 선발
2. 어학시험 진행
3. 인적사항, 근태, 징계, 포상, 해외파견 등 인별 특이사항 정리
4. 저성과자 및 직급정년자, 기타 특이자 확인 (특진 접수 및 검토 진행)
5. 3개년치 인사고과 종합하여 승진급 보고서 작성
6. 본부장 의견 수렴
7. 승진급 보고서 최종 수정, 경영자 지시 대기"
58,코퍼,지원본부,인사,인사기획,평가,역량평가,"역량평가
1. 기준일자 임직원 및 주재원 소속 확정
2. 시스템 평가자 세팅
3. 평가대상자 선발 및 평가권자 자료 배포/접수
4. 시스템 평가자 세팅 및 시스템 오류검증, 시뮬레이션
5. 공지 및 역량평가 시행(독려/진행/마감)
6. 평가자 오류 정리(보고)
7. 징계, 포상, 특허/실용신안, 근태, 해외파견, 사내강사, 어학, 차종개발, TFT, 법인장 가감점 접수 및 적용
8. 가감점 반영하여 최종고과 결정 후 본부별 직급 적용"
59,코퍼,지원본부,인사,인사기획,평가,역량평가,"다면평가
1. 대상자 선발 및 평가 대상자 검토 
2, 다면 시스템 세팅
3, 다면평가 시행 공지 및 배포, 개인별 유선통화, 목적설명, 보안설명 진행
4, 결과 분석 및 결과 보고서 작성"
60,코퍼,지원본부,인사,인사기획,평가,역량평가,"코칭/피드백
1. 조직개편 및 인사이동 시 시스템 조직 반영 (개인별 내역 자료송부 / 수시 진행)
2, 미사용 대상 사용독려 진행
3, 역량평가 시 시스템 연동 진행 (모니터링 관리)"
61,코퍼,지원본부,인사,인사기획,평가,역량평가,"현업조정 및 공개(결과피드백)
1. 시스템 평가결과 검토 및 본부 별 평가등급 배분
2. 현업평가등급 조정요청 및 접수(가이드 배포 및 현업 대응)
3. 현업평가등급 본부별 확정 결과 검토 특이자 확인(의견 접수) 
4. 내부 평가등급 최종 확정
5. 개인별 고과 결과 시스템 업로드 및 고과 공개 기준 확정
6. 소속기준으로 시스템 재세팅 (공개시 개인별 소속기준)
7. 상급자 공개 및 피드백 진행 , 개인별 공개 및 이의제기 필요시 진행
8. 상시 고과 공개 예정 (매월 소속변경 인원 조직 반영 예정)
9. 인사관리팀 평가결과 송부 (개인별 연봉 반영 및 임금인상시 대응 진행)"
62,코퍼,지원본부,인사,인사기획,평가,임원평가,"1. 리더십 항목 관리 및 대상자 / 평가자 리스트 선발 및 검토
2. 임원 시스템 세팅 
3. 리더십 평가(다면포함) 임원별 공지 및 개인별 통화 진행(진행 사항 설명)
4. 개인성과 반영 및 개인업적 반영 (월별정리 : 코퍼, 관계사 요청하여 진행)
5. 개인별 결과 분석 및 현황 보고 / 개인별 보고 / 인사의견(인사조치 반영) "
63,코퍼,지원본부,인사,인사기획,평가,평가제도관리,"1. 현재 당사 평가 제도에 대한 문제점 파악
2. 타사 사례 자료 벤치마킹 및 개선안 검토
3. 당시 적용시 시뮬레이션 시행 및 문제점 , 장점 도출
4. 개선 품의서 작성 및 적용전 설명회 시행 (평균 시행 6개월전에 사전 공지될수 있도록 준비)
5. 운영중인 평가제도 운영 및 수정 진행 (리더 프로필관리, 규정, 가이드 수정, 저평가자, 한계 등)"
64,코퍼,지원본부,인사,인사기획,교육운영/관리,교육관리,"연간교육계획
1. 연간 교육니즈조사 시행 및 보고
2. 니즈조사 결과 및 사업계획을 바탕으로 차년도 교육과정 도출
3. 연간교육 안내서 작성 및 배포 및 자기개발계획서 작성안내
4. 수강신청 안내 및 진행
5. 수강신청 결과 정리
6. 연간교육계획 및 예산 수립
7. 시행품의 상신"
65,코퍼,지원본부,인사,인사기획,교육운영/관리,교육관리,"연간교육실적
1. 연간교육실적(인원, 과정, 비용) 취합
2. 연간교육계획 대비 실적 산출
3. 성과 및 반성 도출
4. 실적보고 상신"
66,코퍼,지원본부,인사,인사기획,교육운영/관리,교육관리,"월별교육계획
1. 월별 교육신청내역을 검토하여 대상자 산출(퇴사, 휴직, 파견자 등 제외)
2. 과정계획안 및 명단 작성
3. 품의 상신
4. 과정별 시행안내 발송"
67,코퍼,지원본부,인사,인사기획,교육운영/관리,교육관리,"월별교육실적
1. 월별교육실적(인원, 과정, 비용) 취합
2. 월별교육계획 대비 실적 산출
3. 실적보고 상신"
68,코퍼,지원본부,인사,인사기획,교육운영/관리,교육관리,"해외법인 연간교육훈련계획 보고
1. 법인별 교육계획 수립 요청
2. 교육계획 접수 및 검토
3. 교육계획 종합 및 보고 상신"
69,코퍼,지원본부,인사,인사기획,교육운영/관리,교육관리,"해외법인 인재육성 모니터링 결과보고
1. 법인별 교육실적 보고서 상신 요청
2. 실적 접수 및 검토
3. 실적 종합 및 보고 상신"
70,코퍼,지원본부,인사,인사기획,교육운영/관리,교육관리,"과정별 품의(월별품의 미포함 과정)
1. 대상자 검토(신청/대상자지정) 
2. 교육기관 제안 요청
3. 제안서 검토
4. 비용산출
5. 품의상신"
71,코퍼,지원본부,인사,인사기획,교육운영/관리,교육관리,"과정별 결과보고(월별결과보고 미포함 과정)
1. 교육실적(인원, 과정, 비용) 취합
2. 교육계획 대비 실적 산출
3. 성과 및 개선필요사항 도출
4. 실적보고 상신"
72,코퍼,지원본부,인사,인사기획,교육운영/관리,교육관리,"학점입력
1. 수료인원 확인
2. YES 학점입력 양식 작성
3. 업로드"
73,코퍼,지원본부,인사,인사기획,교육운영/관리,교육관리,"사내강사양성
1. 양성분야 선정
2. 양성분야 및 양성계획 보고
3. 강사모집 공고 및 후보자 검증
4. 양성교육 운영, 모의강의 평가
5. 임명식 시행"
74,코퍼,지원본부,인사,인사기획,교육운영/관리,교육관리,"사내강사관리
1. 사내강사 스킬향상 교육 운영(사외공개교육)
2. 사내강사 교재개발 워크숍 운영(신규과정개발 지원)
3. 사내강사 평가 및 보상(사내강사 인사고과 가점, 교재개발비 지급, 강사료 지급 등)"
75,코퍼,지원본부,인사,인사기획,교육운영/관리,교육관리,"환급금
1. 환급금 입금내역 접수
2. 환급금 출처확인(HRD-NET)
3. 환급금 관리현황 작성
4. 전표작성"
76,코퍼,지원본부,인사,인사기획,교육운영/관리,교육관리,"관계사 교육비 청구
1. 관계사별 교육비(코퍼 선결제 비용) 산출
2. 관계사 교육비 청구 품의 작성
3. 관계사별 계산서 발행
4. 관계사별 안내메일 발송 
5. 전표작성"
77,코퍼,지원본부,인사,인사기획,교육운영/관리,교육관리,"대외심사 대응
1. Best-HRD 등(인증자료작성, 심사대응, 인증수여식 대응 등) "
78,코퍼,지원본부,인사,인사기획,교육운영/관리,교육운영(사내/사외),"교육운영(고객사직무교육-온라인)
1. 고객사 사이트 수강신청 안내(교육전월)
2. 수강신청 미진행인원 안내(불참사유서/교육변경)
3. 교육시행안내
4. 수료결과취합
5. 미수료인원 안내(미수료사유서/교육변경)"
79,코퍼,지원본부,인사,인사기획,교육운영/관리,교육운영(사내/사외),"교육운영(고객사직무교육-집체)
1. 고객사 사이트 수강신청 안내(교육전월)
2. 수강신청 미진행인원 안내(불참사유서/교육변경)
3. 고객사 대상자 선정결과 취합
4. (미선정인원대상) 차수변경안내
5. (선정인원대상) 참석안내
6. 수료결과취합"
80,코퍼,지원본부,인사,인사기획,교육운영/관리,교육운영(사내/사외),"교육운영(온라인)
1. 교육대상자 교육기관 송부
2. 시행안내 발송 (중간독려 발송)
3. 문의사항 대응 등
4. 수료결과 취합
5. 비용처리
※ 포함과정 : 외국어아카데미, 발령주재원교육, 한기대온라인교육, 자기계발교육 등"
81,코퍼,지원본부,인사,인사기획,교육운영/관리,교육운영(사내/사외),"교육운영(집체)
1. 교육장 준비(강의장 섭외 등)
2. 참석안내 발송(메일, 문자 등)
3. 교재 제작
4. 물품구매(다과, 문구류 등)
5. 강의장 세팅(책상배열, 교재, 문구류, 물, 다과 등 세팅)
6. 교육운영(OT, 강사소개, 모니터링, 설문조사, 클로징 등)
7. 특이사항 대응(문의대응, 차수변경요청 반영 등)
8. 비용처리
※ 포함과정 : 승진자교육, 신임임원교육, 팀장리더십교육, 전사특강, 커뮤니케이션교육, 신규입사자 입문교육, 신입사원 리텐션교육, 링크업교육, 예비주재원교육, 사내강사양성교육, 사내직무교육 등"
82,코퍼,지원본부,인사,인사기획,교육운영/관리,교육운영(사내/사외),"교육운영(사외공개교육)
1. 일괄신청 진행 또는 개별신청 안내
2. 참석안내 발송
3. 수료결과 취합
4. 비용처리
※ 포함과정 : 신임팀장교육, 퇴직예정자 진로설계교육, 사외직무교육, 사내강사 역량향상 교육, 발령주재원교육 등"
83,코퍼,지원본부,인사,인사기획,교육운영/관리,교육운영(사내/사외),"교육운영(신입사원 OJT/멘토링, 경력입사자 버디제도)
1. 채용인원 접수 및 대상자 필터링
2. 멘토/버디 선정 요청 발송
3. 멘토/버디 선정결과 접수
4. 시행안내 및 운영
5. 결과자료 취합"
84,,,공통업무,인사기획,정기업무,"예산(경비, 투자) 관리","팀, 본부 단위 예산 수립 및 관리(증액 및 추가 등 포함), 자금 신청, 세금계산서 및 각종 증빙 등에 의한 회계처리"
85,,,공통업무,인사기획,정기업무,조직지원,"팀, 본부 등 조직내 자산, 보안관리, 조사취합, 의전, 물품신청 등 총무지원 업무, 조직도관리, 조직내 인원 및 업무분장표 관리 등"
86,,,공통업무,인사기획,정기업무,교육관련,"조직내 정기교육, 팀 또는 본부내 OJT 교육, 사내외 전문교육 수강, 교육계획 수립 등  "
87,,,공통업무,인사기획,정기업무,근태관리,"연차, 교육, O/T 등에 대한 결재 진행 및 시스템 입력, 팀내 전담 운영"
88,,,공통업무,인사기획,정기업무,국내 및 해외출장관리,"국내, 해외 출장에 필요한 계획수립 및 절차(비자,항공권), 출장수행"
89,,,공통업무,인사기획,정기업무,타부서 요청자료 대응,팀내 수행 업무에 대한 타팀의 요청자료 대응 또는 신규 요청 대응 (RFQ 요청자료 포함)
90,,,공통업무,인사기획,정기업무,문서관리,"심사대응을 위한 각 종 문서관리, 팀내 기록물 관리, 문서화일링 관리, 문서이관, 도면관리 등 "
91,,,공통업무,인사기획,정기업무,"일 업무보고, 업무일지, PLM 또는 팀회의","일간 업무일지 작성 또는 일간 업무보고, 조회, 스탠딩회의, PLM 입력 등"
92,,,공통업무,인사기획,정기업무,주간 업무보고,"주간 정기적 업무보고 또는 회의, 회의준비 (화상회의 포함)"
93,,,공통업무,인사기획,정기업무,월간 업무보고,"월간 정기적 업무보고 또는 회의, 회의준비 (화상회의 포함)"
94,,,공통업무,인사기획,정기업무,현장관리,"3정5행, 실사, 순찰 등의 현장점검 활동"
95,,,공통업무,인사기획,정기업무,"사업계획, 실적, 성과관리","사업계획 수립 및 실적관리, C/F 및 KPI 등의 성과관리"
96,,,공통업무,인사기획,정기업무,외부 심사대응,"인증 주관부서를 제외한 타팀의 각 종 심사대응 (ISO, IATF, 품질5스타 OSHAS, 공정거래 등)"
97,,,공통업무,인사기획,비정기업무,산업재산권 및 특허관리,연구소내 산업재산권 및 특허 출원 관련 수행업무 및 관리업무
98,,,공통업무,인사기획,비정기업무,고객사 요청자료 대응,"당사 직무분류 내에서 정형화 된 고객대응을 제외한 모든 비정기적 고객심사대응, 자료작성, 요청사항 대응, 고객주관 회의 참석"
99,,,공통업무,인사기획,비정기업무,경영진 지시사항 대응,직무적으로 정기적으로 보고하는 사항외의 비정기적 발생되는 경영진 지시사항 대응
100,,,공통업무,인사기획,비정기업무,조직간 협의,타본부 및 타팀과의 업무 조율 및 회의
101,,,공통업무,인사기획,비정기업무,긴급 라인대응 및 리워크 등 불량대응,"물량 부족, 긴급사태, 제품 불량 등에 따른 현장 대응 및 관계 업무"
1,코퍼,지원본부,인사,인사관리,보수관리,보험,"취득/상실 신고 등
1. 신규입사자 발생시 취득신고: 계약연봉을 통한 보수월액 산출 및 취득신고
2. 퇴사자 및 해외파견자 발생시 상실신고: 전년도/당해년도 보수총액 및 근무월수 산출 및 상실신고
3. 병가/휴직자 발생시 납부유예 및 해지신고
4. 모성보호 관련 각종 확인서(산전후휴가, 육아휴직 육아기단축확인서 등) 작성 및 신고접수
5. 사업장(근무지)이동시 산재보험 전보신고"
2,코퍼,지원본부,인사,인사관리,보수관리,보험,"4대보험 급여반영 및 납부
1. 급여작업시 국민연금, 건강보험 고지내역 정리 및 배포, 급여반영
2. 급여마감 이후 4대보험 집계표 작성 및 지급품의"
3,코퍼,지원본부,인사,인사관리,보수관리,보험,"4대보험 보수총액 신고 외
1. 매년 건강/고용/산재 보수총액 신고, 임금인상시 건강보험,국민연금 보수월액 변경 신고.
2. 고용노동부 각종 조사표 작성: 고용형태 공시, 기업체노동비용조사, 고용형태근로실태조사,
지역별사업체노동력조사, 시도별 임금 및 근로시간 조사, 기간제근로자 현황조사, 직종별사업체노동력조사
3. 산재보험 임채부담금 경감신청
4. 산재보험 사업장 성립신고"
4,코퍼,지원본부,인사,인사관리,보수관리,급여,"급여산출 및 지급
1. 매달 지급되는 급여지급을 위해 매달 1일 총무팀에게 근태를 받아 급여계산
2. 급여대장 및 각종 급여증빙자료에 대한 서면결재 및 품의서 전자결재
3. 매달 10일경 근로자 급상여 입금 및 명세서 배포
4. 홀수달 지급되는 상여, 귀향비, 휴가비, 김장지원비 지급을 위해 대장 생성 및 품의서 작성"
5,코퍼,지원본부,인사,인사관리,보수관리,급여,"급여검토 및 관리
1. 각 법인/사업장의 급여 계산 내역 검토
2. 지급항목과 공제항목 내역 검토
3. 전월과 비교하여 급여계산내역에 차이 내역 검토
4. 급여지급기준점검, 보완, 수립 등
5. 인건비 관련 각종 품의작성, 검토, 가이드라인 제시"
6,코퍼,지원본부,인사,인사관리,보수관리,급여,"연말정산
1. 연말정산 일정 수립 및 관련부서와의 협의 후 시행공지
2. 관련 업무 프로세스를 담당자와 공유하여 필요업무 수행
3. 전산매체 검증을 통해 오류내역을 파악 및 수정작업 진행
4. 최종마감 이후 원천징수영수증 배포 및 연말정산 신고, 집계표 작성 및 전표작성"
7,코퍼,지원본부,인사,인사관리,보수관리,급여,"인사발령 시스템 적용
1. 인사기획팀으로부터 인사발령품의/협조전 접수
2. 관련 내용 확인 후 부서코드 신설
3. 회계3팀에CC코드 부여 요청 및 더존ERP에 부서코드 생성
4. 발령사항 등록을 통하여 시스템에 적용
5. 전법인 휴직병가 등 근태관련 발령사항 접수, 리스트관리 및 인사발령을 통한 시스템 적용"
8,코퍼,지원본부,인사,인사관리,보수관리,급여,"인원 관리
1. 해외법인 개별취합 포함 전사 주간인원현황 작성
2. 매주 퇴사자 리스트 정리 및 인트라 계정삭제 요청
3. 관계사전입자에 대한 인트라 사원등록 진행
4. 월말기준 전사통합인원현황자료 작성
5. 기타 인사정보관리 및 유라앱 정보등록,갱신 등 관리"
9,코퍼,지원본부,인사,인사관리,보수관리,급여,"해외법인 급여관리
1. 현지인 및 주재원 급여품의 종합보고서 취합 및 증감사유 작성
2. 매월 해외법인 임금인상율 자료 업데이트취합"
10,코퍼,지원본부,인사,인사관리,보수관리,급여,"해외주재원 급여관리
1. 주재원 근재보험 가입 및 갱신관리
2. 주재원 연말정산 재정산 진행
3. 주재원 종합소득세 신고자료 취합, 작성 및 신고진행"
11,코퍼,지원본부,인사,인사관리,보수관리,급여,"1. 더존ERP 유지보수관리(계약관련 품의 및 기타업무진행)
2. 인사감사 용역비 청구 관련 업무 진행"
12,코퍼,지원본부,인사,인사관리,보수관리,퇴직금,"퇴직급여충당금 관리
1. 매월 급여 마감 이후 전사업장 재직자에 대한 퇴직금 산출
2. 직전월 퇴직금 산출자료와 비교 및 증가액 산출
3. 증가액에 대한 산출자료를 ERP에 연동(더존, SAP)
4. 전표 발생 및 출력
5. 사업계획 대비 증가사유 분석 및 검토"
13,코퍼,지원본부,인사,인사관리,보수관리,퇴직금,"퇴직금 관리
1. 퇴사자에 대한 퇴직금 산출 및 지급신청, 전표처리
2. 관계사전출자에 대한 퇴직금산출 및 지급/이관신청, 전표처리
3. 퇴직금 중간정산 신청에 대한 적격성여부 검토, 퇴직금산출 및 지급신청, 전표처리
4. 매년 연말기준 퇴직금추계액 산출 및 퇴직연금사 명부갱신"
14,코퍼,지원본부,인사,인사관리,보수관리,인건비관리,"인건비 및 인원관련 각종 요청자료 대응
1. 인건비 관련 요청 접수
2. 개인 또는 부서별 인건비는 사장님 또는 임원 결재 품의 확인
3. 기타 인건비는 협조전 또는 협조메일 접수
4. 내부결재 후 자료 송부"
15,코퍼,지원본부,인사,인사관리,보수관리,인건비관리,"인건비계획 수립 및 임금인상
1. 인건비계획 수립: 차년도 인력운영계획 접수 및 검토, 승진대상인원 선정, 퇴직충당금설정 및  잡급 취합 등의 과정을 거쳐 차년도 인건비계획 및 중장기 인건비계획 수립
2. 임금인상: 사업계획기초자료를 토대로 임금인상안을 기획하여 예상 인건비 및 인상액 산출, 경영진의 지시 항목에 따른 인상안을 반영하여 인건비산출 및 집계표를 작성"
16,,,공통업무,인사관리,정기업무,"예산(경비, 투자) 관리","팀, 본부 단위 예산 수립 및 관리(증액 및 추가 등 포함), 자금 신청, 세금계산서 및 각종 증빙 등에 의한 회계처리"
17,,,공통업무,인사관리,정기업무,조직지원,"팀, 본부 등 조직내 자산, 보안관리, 조사취합, 의전, 물품신청 등 총무지원 업무, 조직도관리, 조직내 인원 및 업무분장표 관리 등"
18,,,공통업무,인사관리,정기업무,교육관련,"조직내 정기교육, 팀 또는 본부내 OJT 교육, 사내외 전문교육 수강, 교육계획 수립 등  "
19,,,공통업무,인사관리,정기업무,근태관리,"연차, 교육, O/T 등에 대한 결재 진행 및 시스템 입력, 팀내 전담 운영"
20,,,공통업무,인사관리,정기업무,국내 및 해외출장관리,"국내, 해외 출장에 필요한 계획수립 및 절차(비자,항공권), 출장수행"
21,,,공통업무,인사관리,정기업무,타부서 요청자료 대응,팀내 수행 업무에 대한 타팀의 요청자료 대응 또는 신규 요청 대응 (RFQ 요청자료 포함)
22,,,공통업무,인사관리,정기업무,문서관리,"심사대응을 위한 각 종 문서관리, 팀내 기록물 관리, 문서화일링 관리, 문서이관, 도면관리 등 "
23,,,공통업무,인사관리,정기업무,"일 업무보고, 업무일지, PLM 또는 팀회의","일간 업무일지 작성 또는 일간 업무보고, 조회, 스탠딩회의, PLM 입력 등"
24,,,공통업무,인사관리,정기업무,주간 업무보고,"주간 정기적 업무보고 또는 회의, 회의준비 (화상회의 포함)"
25,,,공통업무,인사관리,정기업무,월간 업무보고,"월간 정기적 업무보고 또는 회의, 회의준비 (화상회의 포함)"
26,,,공통업무,인사관리,정기업무,현장관리,"3정5행, 실사, 순찰 등의 현장점검 활동"
27,,,공통업무,인사관리,정기업무,"사업계획, 실적, 성과관리","사업계획 수립 및 실적관리, C/F 및 KPI 등의 성과관리"
28,,,공통업무,인사관리,정기업무,외부 심사대응,"인증 주관부서를 제외한 타팀의 각 종 심사대응 (ISO, IATF, 품질5스타 OSHAS, 공정거래 등)"
29,,,공통업무,인사관리,비정기업무,산업재산권 및 특허관리,연구소내 산업재산권 및 특허 출원 관련 수행업무 및 관리업무
30,,,공통업무,인사관리,비정기업무,고객사 요청자료 대응,"당사 직무분류 내에서 정형화 된 고객대응을 제외한 모든 비정기적 고객심사대응, 자료작성, 요청사항 대응, 고객주관 회의 참석"
31,,,공통업무,인사관리,비정기업무,경영진 지시사항 대응,직무적으로 정기적으로 보고하는 사항외의 비정기적 발생되는 경영진 지시사항 대응
32,,,공통업무,인사관리,비정기업무,조직간 협의,타본부 및 타팀과의 업무 조율 및 회의
33,,,공통업무,인사관리,비정기업무,긴급 라인대응 및 리워크 등 불량대응,"물량 부족, 긴급사태, 제품 불량 등에 따른 현장 대응 및 관계 업무"
1,코퍼,지원본부,총무,평택총무,대외업무관리,"계약관리(임대차,관계사외)","관계사 및 도급사 임대차 관리(임대료/관리비 항목 선정, 계약체결, 비용 산정 및 청구 등)
1. 관계사 및 도급업체의 임대료/관리비 항목 선정 및 단가 산정
2. 관계사 및 도급업체의 임대료/관리비 도출 및 임대차 계약 품의 상신
3. 임대차 계약 체결"
2,코퍼,지원본부,총무,평택총무,대외업무관리,업체관리(도급/용역/납품차량),"1. 청소/경비/영선등 용역관리
 - 조경, 미화, 영선, 경비등 외부업체 용역계약 실시 및 관리 
 - 월 용역료 지급 품의
 - 청소용역원들의 적정배치를 통한 3정5S 달성
 - 영선인원 배치를 통한 기타 유틸리티 설비 유지관리 
2. 생산 단기파견 및 아르바이트 용역관리 
 - 품질 양산차 이중점검 / 정규 개발 이벤트 대응등 필요인력 용역 대응"
3,코퍼,지원본부,총무,평택총무,대외업무관리,업체관리(도급/용역/납품차량),"영업 및 자재팀 납품차량 관리
1. 물류차량 이용내역 관리
2. 증감 사유 관리
3. 물류 이용대금 품의 및 계약관리 등"
4,코퍼,지원본부,총무,평택총무,대외업무관리,행사/의전관리,"1. 고사 업무 대응
2. 고객사 방문시 VIP식당 대응"
5,코퍼,지원본부,총무,평택총무,대외업무관리,행사/의전관리,"행사 및 내/외부 고객 방문 관리
1. 월례조회 및 한마음협의회 등 행사 준비 및 진행 등
2. 내/외부 고객 방문시 사전준비(대응 체크리스트 작성, 환영입간판 반영 등)
3. 내/외부 고객 고객 방문 시 의전 대행"
6,코퍼,지원본부,총무,평택총무,복리후생관리,국내외 출장관리,"비자발급 비용 관리(발급현황 확인 및 품의상신, 비용처리 등)
1. 판교, 청북, 진위, 화성 사업장 발급 비자 현황 접수
2. 판교, 청북, 진위, 화성 사업장 발급 비자 인보이스 발행 요청
3. 판교, 청북, 진위, 화성 사업장 통합 품의 상신 및 비용처리"
7,코퍼,지원본부,총무,평택총무,복리후생관리,비품/소모품 구매,"소모품 월 재고실사후 정기소모품 구입
 - 사무용품,전산용품,기타 소모품
 - 사무용품, 기타소모품,인쇄물,전산용품은 입고 시 물품 검사 후 각 요청 부서별로 불출
 - 토너류는 물품 입고 후 총무창고 보관"
8,코퍼,지원본부,총무,평택총무,복리후생관리,비품/소모품 구매,"피복류 구입
1. 피복류구매 신청을 위한 각 팀별 필요수량 취합
 - 정기 지급 대상: 하계/춘추근무복/동계근무복/방한복/조끼/제전복,제전모
2. 취합된 필요수량을 근거로 예비수량 포함하여 결재 진행
3. 품의 완료에 따른 근무복 제작을 외부 제작업체에 통보"
9,코퍼,지원본부,총무,평택총무,복리후생관리,사내외 식당관리,"1. 식단표 작성 : - 매월 공장별 순서대로 식단표 작성 및 메뉴 회의 진행
                   - 매주 식단표 확정 및 메뉴게시 (원산지 작성 必)
2. 식자재 발주 : - 식단표 확정되면 차주 식자재 발주 (발주 프로그램 이용)
                   - 전일 재고 확인 후 발주 수정
3. 식자재 검수 : - 매일 식자재 입고분 검수 작업 (유통기한 및 식자재 신선도 등 확인)
                   - 수산물류 방사능 체크
4. 메뉴   검식 : - 배식전 염도 측정, 중심온도 측정, 검식 진행, 보존식 必
5. 배식
6. 사내식당 주,부식비 마감(매월)
7. 조식 급여공제 품의 작성
8. 사외창고(성환) 식대 급여반영 품의 작성"
10,코퍼,지원본부,총무,평택총무,복리후생관리,직원복지,"1. 경조금/화환
 - 수시로 경조발생자로부터 신청서 접수 / 필요시 화환 지급
 - 내부규정 확인후 적용가능여부 판단
 - 결재 완료 후 급여에 포함하여 경조금 지급
2. 동호회 관리
 - 동호회 설립 신청서 접수 및 검토
 - 동호회 활동 제출 증빙 타당성 확인 및 활동비 지원 품의상신
3. 청북공장/성환창고 생수관리
4. 렌탈관리
 -  비데, 공기청청기, 정수기 신규 렌탈 및 월 비용지급
 - 월 정기점검 대응(필터교체 및 소득 등)
 - 고장등 이상발생시 A/S 접수 및 대응"
11,코퍼,지원본부,총무,평택총무,복리후생관리,직원복지,"기숙사 관리, 근로자의 날 기념품 관리(기숙사, 근로자의날 기념품 지급 등)
1. 기숙사 신규 계약, 갱신 게약, 해지 등 상황 발생시 품의 상신 및 계약체결(1회/분기 기숙사 점검)
2. 근로자의 날 및 창립기념일 기념품 품목 선정, 품의상신, 지급 관리
3. 1회/분기 기숙사 점검 시행"
12,코퍼,지원본부,총무,평택총무,안전보건관리,보건관리,"보건관리
 1. 작업환경 및 작업 관리 : 반기별 1회 작업환경측정 실시
 2. 근골격계 부담작업 유해요인 조사 및 개선
 3. 안전보건교육 실시 : 채용시, 도급공사, 정기, 화학물질 등 안전교육 실시
 4. 근로자 건강관리 : 건강검진(일반/특수/배치전/배치후), 유소견자 사후관리, 독감예방접종 등
 5. 응급처치 : 건강관리실 운영 및 의약품 지급, 공상 처리 실시 등
 6. 화학물질 위험성 평가 실시
 7. 화학물질 물질안전보건자료(MSDS) 관리
 8. 보호구 지급 및 지급대장 관리
 9. 코로나 확진자 관리
 10. 사업장 조도측정 실시
 11. 심폐소생술 및 응급처치 교육
 12. 자동제세동기(AED) 점검
 13. 밀폐공간 점검 및 밀폐공간작업프로그램 관리"
13,코퍼,지원본부,총무,평택총무,안전보건관리,소방관리,"소방시설물 유지관리
  1. 법정 정기검사 실시 (자체, 정기)
  2. 소방 시설물 변경, 증설, 교체 실시 및 관공서 신고 / 인허가 진행
  3. 소방계획서 작성 및 보관, 훈련, 자위소방대 조직 진행
  4. 관공서 대응 (소방서 방문 점검, 관련 공문)
  5. 홍보물 게시 (현수막, 표찰, 표어)"
14,코퍼,지원본부,총무,평택총무,안전보건관리,안전관리,"안전관리
1. 유해위험기계기구 관리
2. 근로자 안전교육
3. 외부공사, 비 정형작업 공사 관리 및 작업계획서 검토
4. 위험성평가
5. 도급사 관리(협의체, 합동안전점검)
6. 산업안전보건위원회 주최 및 안전보건관리규정 재개정
7. 사업장 순회점검 및 개선
8. 산업재해 예방 및 통계관리"
15,코퍼,지원본부,총무,평택총무,안전보건관리,환경관리,"환경
1. 인허가 변경 신고
2. 오염물질 배출시설 관리
3. 방지시설 관리
4. 오염물질 배출량 측정 및 보고
5. 폐수, 폐유 위탁처리
6. 환경 오염물질 배출량 관리 및 보고

화학물질
1. 인허가 변경 신고
2. 화학물질 취급자 교육
3. 화학물질 취급설비 및 보관장소 관리
4. 정기 보고 및 검사 관리
5. 화학물질 취급량 관리 및 보고"
16,코퍼,지원본부,총무,평택총무,인원관리,생산/계약/별정직 관리,"1. 생산직 채용
 - 협조전 접수 : 필요인원, 충원사유, 상세한 자격요건 확인
 - 채용공고: 채용 사이트 공고진행
 - 입사지원서 접수
 - 면접준비 및 진행
 - 품의서 작성 및 합격자 발표
 - 최종합격 안내 및 입사서류 작성 및 인사팀 자료 송부
2. 분기별 생산 계약직 평가 
 - 업무숙련도 및 현업팀 평가
 - 근태평가 / 평판평가
 - 점수종합하여 평가표 관리
3. 별정직 급여 관리"
17,코퍼,지원본부,총무,평택총무,인원관리,장애인 관리,"1. 장애인 고용현황 관리/ 채용
 2. 장애인 고용부담금 신고서류 작성 송부"
18,코퍼,지원본부,총무,평택총무,인원관리,한마음협의회관리(고충처리),"노무 관리(한마음협의회 및 관리직 업무지원 간담회 안건 접수, 협의회 시행, 안건 이행 등)
1. 한마음 협의회 및 관리직 업무지원 간담회 안건 접수
2. 한마음 협의회 및 관리직 업무지원 간담회 안건 협의
3. 의결사항 보고 및 이행"
19,코퍼,지원본부,총무,평택총무,자원관리,보안관리,"보안카메라 및 통신선로 유지관리
  1. 보안카메라 증설, 변경, 교체 등 유지관리
  2. 사내 네트워크 증설, 변경, 철거 등 유지관리"
20,코퍼,지원본부,총무,평택총무,자원관리,보험관리,"보험관리 (보험 만기 시점 파악, 청약 요청, 품의 상신, 갱신 가입 등)
1. 재산종합보험(화재보험) 리스트 작성
2. 해외장기체류보험, 상주원 상해보험, 자동차 보험, 승강기 사고배상책임보험 가입 품의 상신
3. 가입 완료 후 보험증권 수령 후 철하여 보관"
21,코퍼,지원본부,총무,평택총무,자원관리,부산물관리,"부산물 판매관리 (판매, 단가산정, 판내보고서 작성 상신 등)
1. 부산물 업체 수거 일정 예약
2. 판매당일 협업팀 전체 확인후 계량 진행
3. 단가 확정시 세금계산서 발행후 판매결과 보고서 상신"
22,코퍼,지원본부,총무,평택총무,자원관리,시설물관리,"건물유지보수 (증축, 개축, 철거등)
  1. 경영진 지시사항 및 각 조직의 요청에 의하여 공사 진행
  2. 법규에 따른 건축물의 용도변경 증축, 변경, 보안등 공사 진행
  3. 건축물 수명유지 및 청결 유지를 위한 개보수, 청소
  4. 부동산(공장건물) 현황 관리 (도면, 등기사항등)
  5. 옥외 간판 신고 관리 (관공서)
  6. 해외법인 공사 필요시 출장대응 
  7. 사내 농작물 및 조경 관리"
23,코퍼,지원본부,총무,평택총무,자원관리,시설물관리,"유틸리티 유지보수 (증설, 변경, 철거 등)
  1. 경영진 지시사항 및 각 조직의 요청에 의하여 공사 진행
  2. 현장 여건에 따른 유틸리티 증설, 철거, 보강 공사 진행
  3. 유틸리티 설비 수명유지를 위한 소모품 정기 교체 및 지속 관리
  4. 유틸리티 설비 유지보수 업체 계약 및 선정
  5. 법정 유지관리 설비에 대한 정기검사 (전기시설물, 압력용기, 오수처리시설 등)"
24,코퍼,지원본부,총무,평택총무,자원관리,자산관리,"자산관리 (폐각, 자산실사 등)
1. 자산 취득후 실사 보고서 작성
2. 자산관리시스템(YFPM) 등록
3. 반기별 자산실사후 자산실사 결과 보고서 상신"
25,코퍼,지원본부,총무,평택총무,자원관리,"차량관리(자차,리스,렌트)","차량관리 (차량 구입, 리스/렌트, 차량 배차, 점검/수리 등)
1. 필요복적에 따라 필요시 차량의 구입, 리스/렌트 등 검토
2. 임원 및 업무용 차량 리스/렌트 관리 및 만기기 리스/렌트 등 품의 상신
3. 차량 배차 관리 및 차량의 예방 정비 및 고장시 수리 대응"
26,코퍼,지원본부,총무,평택총무,총무일반,근태/연차/인원관리,"1. 근태관리 : - 매일 근태자료 업로드 확인하고 근태신청서,OT신청서 대조 및 미타각자 확인
                - 생산직 주단위 52시간 관리, 관리직 월단위 근무시간 관리
                - 근태증, 수정요청서 등 접수 
                - 근태마감시 OT집계표 서명본 접수(생산직)
2. 연차관리 : - 연초 연차발생작업, 연말 잔여연차 개수 작성
               - 1년미만자 연차 1년시점 정산 및 이월 자료 작성(필요시 동의서 접수)
               - 매월 연차사용현황 서명본 접수(생산직)
3. 인원관리 : - 입사자 발생시 근태기초자료 입력
                - 발령인원 근태적용 
                - 퇴사자 관리 (근태 중간마감, 잔여연차 정산자료 작성)
                - 계약만료인원 관리 (사직원 접수)"
27,코퍼,지원본부,총무,평택총무,총무일반,문서관리,"우편물관리, 대외문서접수, 대외문서발송 등
1. 우편물관리: 경비실 우편물 접수되면 해당인원(부서 담당자) 불출
2. 대외문서접수 : 공문서 접수되면 문서접수 및 수신대장 작성, 결재
3. 대외문서발송 : 공문서 발송 시 발송대장 작성 및 결재"
28,코퍼,지원본부,총무,평택총무,총무일반,문서관리,"1. 화일링목록표 작성 : 해당년 문서보관함에 보관하고 관리할 문서 목록표
2. 이관문서목록표 : 문서고로 이관할 문서 목록표
3. 보존문서관리대장 : 문서고내 보관되어 있는 문서 목록표
4. 폐각문서관리대장 : 보존기한이 지나 폐각할 문서 목록표"
29,코퍼,지원본부,총무,평택총무,총무일반,제세금 관리,"1 .각종 제세금 신고 자료 작성 및 신고
2. 세금 특성에 맞게 자료 정리
3. 세금신고
4. 세금납부 전표 작성
5. 월 국세·지방세 및 예산 사용실적 보고"
30,,,공통업무,평택총무,정기업무,"예산(경비, 투자) 관리","팀, 본부 단위 예산 수립 및 관리(증액 및 추가 등 포함), 자금 신청, 세금계산서 및 각종 증빙 등에 의한 회계처리"
31,,,공통업무,평택총무,정기업무,조직지원,"팀, 본부 등 조직내 자산, 보안관리, 조사취합, 의전, 물품신청 등 총무지원 업무, 조직도관리, 조직내 인원 및 업무분장표 관리 등"
32,,,공통업무,평택총무,정기업무,교육관련,"조직내 정기교육, 팀 또는 본부내 OJT 교육, 사내외 전문교육 수강, 교육계획 수립 등  "
33,,,공통업무,평택총무,정기업무,근태관리,"연차, 교육, O/T 등에 대한 결재 진행 및 시스템 입력, 팀내 전담 운영"
34,,,공통업무,평택총무,정기업무,국내 및 해외출장관리,"국내, 해외 출장에 필요한 계획수립 및 절차(비자,항공권), 출장수행"
35,,,공통업무,평택총무,정기업무,타부서 요청자료 대응,팀내 수행 업무에 대한 타팀의 요청자료 대응 또는 신규 요청 대응 (RFQ 요청자료 포함)
36,,,공통업무,평택총무,정기업무,문서관리,"심사대응을 위한 각 종 문서관리, 팀내 기록물 관리, 문서화일링 관리, 문서이관, 도면관리 등 "
37,,,공통업무,평택총무,정기업무,"일 업무보고, 업무일지, PLM 또는 팀회의","일간 업무일지 작성 또는 일간 업무보고, 조회, 스탠딩회의, PLM 입력 등"
38,,,공통업무,평택총무,정기업무,주간 업무보고,"주간 정기적 업무보고 또는 회의, 회의준비 (화상회의 포함)"
39,,,공통업무,평택총무,정기업무,월간 업무보고,"월간 정기적 업무보고 또는 회의, 회의준비 (화상회의 포함)"
40,,,공통업무,평택총무,정기업무,현장관리,"3정5행, 실사, 순찰 등의 현장점검 활동"
41,,,공통업무,평택총무,정기업무,"사업계획, 실적, 성과관리","사업계획 수립 및 실적관리, C/F 및 KPI 등의 성과관리"
42,,,공통업무,평택총무,정기업무,외부 심사대응,"인증 주관부서를 제외한 타팀의 각 종 심사대응 (ISO, IATF, 품질5스타 OSHAS, 공정거래 등)"
43,,,공통업무,평택총무,비정기업무,산업재산권 및 특허관리,연구소내 산업재산권 및 특허 출원 관련 수행업무 및 관리업무
44,,,공통업무,평택총무,비정기업무,고객사 요청자료 대응,"당사 직무분류 내에서 정형화 된 고객대응을 제외한 모든 비정기적 고객심사대응, 자료작성, 요청사항 대응, 고객주관 회의 참석"
45,,,공통업무,평택총무,비정기업무,경영진 지시사항 대응,직무적으로 정기적으로 보고하는 사항외의 비정기적 발생되는 경영진 지시사항 대응
46,,,공통업무,평택총무,비정기업무,조직간 협의,타본부 및 타팀과의 업무 조율 및 회의
47,,,공통업무,평택총무,비정기업무,긴급 라인대응 및 리워크 등 불량대응,"물량 부족, 긴급사태, 제품 불량 등에 따른 현장 대응 및 관계 업무"
1,코퍼,지원본부,총무,진위총무,대외업무관리,"계약관리(임대차,관계사외)","비데/정수기/공기청정기/복합기 임대차 관리
1. 렌탈기간 확인하여 비용 정상 납부
2. 렌탈기간 만료 시 제품 확인하여 신규 임차 진행 품의 작성"
2,코퍼,지원본부,총무,진위총무,대외업무관리,대관업무,"1. 관공서 방문 대응
2. 고용노동부/근로복지공단 대응
3. AEO 수출입 안전관리 종합심사 대응"
3,코퍼,지원본부,총무,진위총무,대외업무관리,업체관리(도급/용역/납품차량),"1. 경비, 환경미화 도급,용역 계약 품의
2. 매월 운영을 위한 비용 산정 및 지급
3. 계획대비 실적 관리
4. 산업안전보건협의체 관리"
4,코퍼,지원본부,총무,진위총무,대외업무관리,행사/의전관리,"1. 고사 및 송년회 인당 금액 검토 및 회계처리
2. 고객사 방문 시 의전 대행
3, 고사, 사회복지시설 성금지원 행사"
5,코퍼,지원본부,총무,진위총무,복리후생관리,비품/소모품 구매,"소모품 구매(PC류 포함)
1. 매월 말일까지 현업 협조전 접수
2. 접수 후 익월 초에 구매 협조전 상신
3. YPS 구매요청(신규품목등록)
4. 물품 확인 후 해당 팀 지급(서명 得)
5. YPS 검수처리
※ 볼펜 등 일반 사무용품은 팀에서 각자 구매"
6,코퍼,지원본부,총무,진위총무,복리후생관리,사내외 식당관리,"1. 일일 식재료 검수 및 식재료 발주
2. 사내식당 주간식단표 및 레시피 작성
3. 검식/보존식/배식 관리 
3. 월 조리원 위생 안전 교육 및 가스 점검 
4. 사내식당 주,부식비 경비 마감
5. 사내식당 만족도 조사 및 보고서 작성
6. 매월 음식물쓰레기 관리대장 작성
7. 폐식용유 판매 및 보고"
7,코퍼,지원본부,총무,진위총무,복리후생관리,직원복지,"학자금 관리 
- 학자금 지급 기준에 의하여 분기별 학자금, 육아보육비, 입학축하금 신청서류 검토 및 지급 품의 진행"
8,코퍼,지원본부,총무,진위총무,복리후생관리,직원복지,"경조금/경조휴가 및 화환 기념일 상품권 지급
- 임직원 경조 발생시 지급 기준에 의하여 경조금 지급 및 경조휴가 관리 
- 화환/근조 및 증빙서류 접수 및 발송
- 매월 생일자, 결혼기념일자 대상자 확인 후 상품권 구입/지급"
9,코퍼,지원본부,총무,진위총무,복리후생관리,직원복지,"통근버스 운행 관리
1. 통근버스 업체 운행/계약 
2. 매월 통근버스 용역료 지급 품의 진행"
10,코퍼,지원본부,총무,진위총무,복리후생관리,직원복지,"동호회관리
- 동호회 등록 신청서 접수 및 심의
- 분기별 등호회 활동 실적 검토 및 지원금 지급"
11,코퍼,지원본부,총무,진위총무,복리후생관리,직원복지,"기숙사 관리
1. 기숙사 필요 인원 접수
2. 매물 확인 후 품의 작성 및 거래처 등록
3. 계약 체결 후 임대차신고(임대차 및 임차인 중 1명)
4. 입주자 신청서 접수 후 배정
5. 매월 직원기숙사 점검 체크리스트 접수/ 분기 총무팀 기숙사 점검 후 체크리스트 작성"
12,코퍼,지원본부,총무,진위총무,복리후생관리,직원복지,"콘도 관리
1. 콘도신청서 접수
2. 매 해당주 사업장별 콘도신청서분 검토 및 보고(하계휴가기간 별도 검토 관리)
3. 콘도예약 및 실적관리
4. 콘도 신규 취득 및 계약갱신 관리"
13,코퍼,지원본부,총무,진위총무,안전보건관리,보건관리,"1. 월 정기 보건관리 실시 : 유소견자 건강관리체크 및 직원 건강 상담, 특이사항 확인
2. 심폐소생술 교육관리, AED 관리
3. 직장인 건강검진, 책임(P2)급 이상/이하 건강검진, 특수건강검진, 배치전/후 검진 등 관리
4. 독감예방접종 관리
5. 근골격계 유해요인 조사(3년)"
14,코퍼,지원본부,총무,진위총무,안전보건관리,보안관리,"1. 경비실에서 안전, 환경 점검일지 수령 후 확인
2. 월간보안점검보고 상신
3. 시설보안관리
4. 외부인 및 차량 출입절차 준수
5. 일일 CCTV 점검일지 확인"
15,코퍼,지원본부,총무,진위총무,안전보건관리,소방관리,"1. 소방계획서 작성(자위소방대 편성, 피난도 등)
2. 월별 소방설비 점검(소화기, 비상구유도등 등)
3. 반기별 소방설비 작동기능점검 실시
4. 년2회 소방훈련 실시"
16,코퍼,지원본부,총무,진위총무,안전보건관리,안전관리,"1. 월 정기 안전관리 실시 : 월 2회 안전관리 대행업체와 현장 점검(위험요소 발굴) 및 미흡사항 해당팀 통보, 개선조치 확인
2. 중대재해 예방 안전교육 : 전직원 교육 실시, 교육보고서 작성(매월)
3. 중대재해 대비 안전점검 실시(매월)
4. 산업안전보건위원회/협의체 운영 :  협의 및 의결사항 이행 관리(분기)
5. 안전보건관리책임자, 관리감독자, 신규입사자 등 법정교육 관리
6. 법정의무교육(성희롱,장애인,괴롭힘 예방교육) 실시(년)
7. 보호구 지급 관리
8. 안전보건팀 요청 대응"
17,코퍼,지원본부,총무,진위총무,안전보건관리,환경관리,"1. 폐기물 수거가 필요시 수거업체 배차신청, 폐기물 수거후 폐기물발생량 등록(올바로시스템)
2. 폐수배출시설 설치신고, 폐수배출 발생량 등록(물바로시스템)
3. 폐수배출시설 운영일지 작성
4. 년간 폐기물/폐수 처리실적 보고 등록
5. 환경안전보건경영시스템(ISO14001/45001) 운영"
18,코퍼,지원본부,총무,진위총무,인원관리,생산/계약/별정직 관리,"별정직 급여 관리
1. 국민연금 및 건강보험 업데이트 건 사원정보에서 변경
2. 근태 월 마감(서명본 접수) 후 더존 급여계산 실행
3. 더존과 엑셀자료 맞춰보기(근태보고서 및 급여계산 등)
4. 품의 작성 및 전표 발행
5. 급여명세서 지급(이메일 송부)
※ 별정직 연말정산 담당자 PC로 자료 다운 및 연말정산 파일 업로드 적용하여 프린트까지 해주기   "
19,코퍼,지원본부,총무,진위총무,인원관리,생산/계약/별정직 관리,"용역직 비용 관리
1. 출결기록 접수
2. 근태자료 및 식대현황 작성
3. 업체에 팩스로 전달 
4. 상세내역(비용) 접수 후 품의 작성 및 전표발행"
20,코퍼,지원본부,총무,진위총무,인원관리,생산/계약/별정직 관리,"생산 계약직 채용 관리
1. 필요 인원 협조전 접수 
2. 채용 사이트 구인공고 상신/ 현업 일정 조율하여 면접 진행(건강검진 시행)
3. 품의 작성 후 입사 일정 안내(현업 및 대상자)
4. 입사 후 근로계약서 등 서류 작성하여 인사관리팀에 해당자료 전달
5. 3개월 후 인턴평가서 접수
6. 계약기간 전 사직원 접수
※ 1-2일 근무 후 퇴사 시, 일용직 처리 "
21,코퍼,지원본부,총무,진위총무,인원관리,한마음협의회관리(고충처리),"1. 한마음 협의회/관리직 업무지원 간담회 안건 접수
2. 한마음 협의회/관리직 업무지원 간담회 협의 진행
3. 의결사항 보고 및 이행"
22,코퍼,지원본부,총무,진위총무,자원관리,내부시스템 관리,"1. 유/무선 네트워크 및 방화벽 관리
2. 내선, 인터넷 전화 관리
3. 전산실 관리"
23,코퍼,지원본부,총무,진위총무,자원관리,보험관리,"1. 매년 초 업체에서 송부한 청약서를 근거로 하여 식당 가스사고 배상책임보험 가입 품의 상신
2. 재산종합보험(화재보험), 자동차 보험증권, 승강기 사고배상책임보험, 환경책임보험 가입 품의 상신
3. 가입 완료 후 보험증권 수령 후 철하여 보관"
24,코퍼,지원본부,총무,진위총무,자원관리,부산물관리,"1. 부산물 업체 수거 일정 예약
2. 판매당일 협업팀 전체 확인후 공인계근소에서 계량 진행
3. 단가 확정시 세금계산서 발행후 판매결과 보고서 상신"
25,코퍼,지원본부,총무,진위총무,자원관리,"시설물 관리(공사,유틸리티,전기)","1. 연간 시설관리 계획수립(예산편성)
2. 정기점검을 통한 시설물 개선과 자체수리 불가시 공사진행
3, 공사업체 시공능력 및 견적검토
4. 공사진행 시 안전작업허가서/계획서 등 작성 및 교육
5. 공사완료 후 하자발생 여부 관리
6. 시설물 안전검사 주기 확인 및 검사진행(압력용기, 덤웨이터, 승강기 등)
7. 전기설비 안전진단 및 법적 정기검사 시행"
26,코퍼,지원본부,총무,진위총무,자원관리,자산관리,"1. 자산 취득후 자산관리시스템(YFPM) 등록
2. 반기별 자산실사후 자산실사 결과 보고서 상신
3. 폐각 품의 상신 및 폐각 진행"
27,코퍼,지원본부,총무,진위총무,자원관리,차량관리,"1. 법인차량 현황 관리
2. 법인차량 관리(소모품, 보험, 정기검사, 리스계약, 정비)
3. 차량운행일지 확인
4. 신차 구입/매각 진행"
28,코퍼,지원본부,총무,진위총무,총무일반,근태/연차/인원관리,"근태관리
 - 전일 근태 바코드가 더존 업로드 되면, 근태 이상여부 확인 
 - 전일 근태증 결재 
 - 현업 근태코드 입력 이상여부 확인, 출퇴근 시간에 따른 연장시간 확인(OT신청서 기준), 
   근태수정요청서 내용 반영에 대한 수정 작업 
 - 월 마감시 근태현황과 더존 자료와 일치한지 확인하여 근태 마감
 - 생산직 근태 서명본 접수   "
29,코퍼,지원본부,총무,진위총무,총무일반,근태/연차/인원관리,"연차관리
 - 매년 초 발생된 연차를 정확히 산정하여 개인별 연차 사용 계획 및 촉진계획을 수립하고 시행토록 관리 
 - 1년 미만 근로자 입사일기준 월차 산출 및 동의서(이월or정산) 안내 및 접수
 - 퇴사자 발생시 잔여 연차 산정  "
30,코퍼,지원본부,총무,진위총무,총무일반,근태/연차/인원관리,"최대근로시간 / 주 52시간 관리
 - 전일 개인별 누적 근로시간 확인 
 - 매주 목요일(금요일) 초과근로 위험자에 한해 잔여 연장근로 가능시간 송부
 - 연장근로 가능시간 내에 OT신청(특근신청) 하는지 확인
 - 매주 월요일, 전주 근로시간을 재확인하여 초과 근로여부를 확인 및 근태 점검내역 작성"
31,코퍼,지원본부,총무,진위총무,총무일반,근태/연차/인원관리,"병가,휴직/복직신청서 접수 
- 휴직원(병가, 육아휴직, 가족돌봄 휴직 등) 인적사항 및 휴직기간, 증빙 확인 및 내부 관리 "
32,코퍼,지원본부,총무,진위총무,총무일반,근태/연차/인원관리,"급여
1. 관리직 월 OT 40h초과수당 산출 및 기술직(과장급이상) 월 OT 30h 초과 수당 산출 후 인사관리팀 송부 
2. 연말정산 실시"
33,코퍼,지원본부,총무,진위총무,총무일반,제세금 관리,"사업소세 및 주민세 신고 납부
1. 인사관리팀 급여 자료 접수
2. 지급 기준으로 정리(정규직 외 급여, 상여, 퇴직금, 퇴사정산 등)
3. 정리 된 자료로 위택스 신고 및 자금집행
4. 기타공제(학자금, 채권압류, 보증보험 외) 전표발행"
43,,,공통업무,진위총무,정기업무,"예산(경비, 투자) 관리","팀, 본부 단위 예산 수립 및 관리(증액 및 추가 등 포함), 자금 신청, 세금계산서 및 각종 증빙 등에 의한 회계처리"
44,,,공통업무,진위총무,정기업무,조직지원,"팀, 본부 등 조직내 자산, 보안관리, 조사취합, 의전, 물품신청 등 총무지원 업무, 조직도관리, 조직내 인원 및 업무분장표 관리 등"
45,,,공통업무,진위총무,정기업무,교육관련,"조직내 정기교육, 팀 또는 본부내 OJT 교육, 사내외 전문교육 수강, 교육계획 수립 등  "
46,,,공통업무,진위총무,정기업무,근태관리,"연차, 교육, O/T 등에 대한 결재 진행 및 시스템 입력, 팀내 전담 운영"
47,,,공통업무,진위총무,정기업무,국내 및 해외출장관리,"국내, 해외 출장에 필요한 계획수립 및 절차(비자,항공권), 출장수행"
48,,,공통업무,진위총무,정기업무,타부서 요청자료 대응,팀내 수행 업무에 대한 타팀의 요청자료 대응 또는 신규 요청 대응 (RFQ 요청자료 포함)
49,,,공통업무,진위총무,정기업무,문서관리,"심사대응을 위한 각 종 문서관리, 팀내 기록물 관리, 문서화일링 관리, 문서이관, 도면관리 등 "
50,,,공통업무,진위총무,정기업무,"일 업무보고, 업무일지, PLM 또는 팀회의","일간 업무일지 작성 또는 일간 업무보고, 조회, 스탠딩회의, PLM 입력 등"
51,,,공통업무,진위총무,정기업무,주간 업무보고,"주간 정기적 업무보고 또는 회의, 회의준비 (화상회의 포함)"
52,,,공통업무,진위총무,정기업무,월간 업무보고,"월간 정기적 업무보고 또는 회의, 회의준비 (화상회의 포함)"
53,,,공통업무,진위총무,정기업무,현장관리,"3정5행, 실사, 순찰 등의 현장점검 활동"
54,,,공통업무,진위총무,정기업무,"사업계획, 실적, 성과관리","사업계획 수립 및 실적관리, C/F 및 KPI 등의 성과관리"
55,,,공통업무,진위총무,정기업무,외부 심사대응,"인증 주관부서를 제외한 타팀의 각 종 심사대응 (ISO, IATF, 품질5스타 OSHAS, 공정거래 등)"
56,,,공통업무,진위총무,비정기업무,산업재산권 및 특허관리,연구소내 산업재산권 및 특허 출원 관련 수행업무 및 관리업무
57,,,공통업무,진위총무,비정기업무,고객사 요청자료 대응,"당사 직무분류 내에서 정형화 된 고객대응을 제외한 모든 비정기적 고객심사대응, 자료작성, 요청사항 대응, 고객주관 회의 참석"
58,,,공통업무,진위총무,비정기업무,경영진 지시사항 대응,직무적으로 정기적으로 보고하는 사항외의 비정기적 발생되는 경영진 지시사항 대응
59,,,공통업무,진위총무,비정기업무,조직간 협의,타본부 및 타팀과의 업무 조율 및 회의
60,,,공통업무,진위총무,비정기업무,긴급 라인대응 및 리워크 등 불량대응,"물량 부족, 긴급사태, 제품 불량 등에 따른 현장 대응 및 관계 업무"
1,코퍼,지원본부,총무,화성총무,대외업무관리,"계약관리(임대차,관계사외)","1. 유라테크 전대차 계약 체결 (1회/년)
2. 사외 신규창고 검토 및 임대차 계약 체결
3. 지게차,복합기등 운영에 필요한 설비 임대차 관리"
2,코퍼,지원본부,총무,화성총무,대외업무관리,업체관리(도급/용역/납품차량),"용역
1. 경비 등의 용역의 근태 및 식당 미운영에 따른 식대를 확인함
2. 이상여부 확인 후 계약기준에 따라 비용을 산정 지급함
도급
1. 도급계약 기준에 따른 도급사 식수 등에 따른 관리비를 산정 청구함"
3,코퍼,지원본부,총무,화성총무,대외업무관리,업체관리(도급/용역/납품차량),"납품차량
1. 운송업체와 현업간의 협의를 통한 운송계약진행함(필요시 인상진행)
2. 신규 납지 발생에 따른 등록 등 관리진행
3. 매 월 현업을 통한 운송차량 운행실적을 접수하여 총무팀 관리내역과 비교검토 진행함
4. 이상여부 확인 후 계약 운송테이블에 따라 운송비를 산정 지급함"
4,코퍼,지원본부,총무,화성총무,대외업무관리,행사/의전관리,"1. 고사물품 구입, 음복 상차림, 송년회 비용 정산
2. 불우이웃 성금지원"
5,코퍼,지원본부,총무,화성총무,복리후생관리,비품/소모품 구매,"1. 소모품
 - 팀 별 필요 소모품 협조전 접수진행
 - 필요 및 적정여부 확인 후 취합정리
 - 정리내역 일반구매팀을 통한 구매요청
 - YPS시스템을 통한 마감진행 및 WE전표 작성정리 
 - 그외 공장내 생활용품,의료용품,피복 등 구입 ,전표 처리
2. 고정자산 비품 및 시설물 개선 소모품 구매"
6,코퍼,지원본부,총무,화성총무,복리후생관리,사내외 식당관리,"1. 식자재 발주/검수
2. 식단 작성 및 사내식당 이벤트 기획
3. 식당비용 정산 마감
4. 상/하반기 후드청소
5. 식당만족도 설문조사
6. 방사능 염도 측정관리"
7,코퍼,지원본부,총무,화성총무,복리후생관리,직원복지,"1. 통근버스 노선 조정, 계약, 비용 정산 마감
2. 생일,결혼기념일 상품권 확인 및 경조금, 화환 지급 신청 접수 공지
 - 품의 작성 및 상품권 지급 및 비용 처리
3. 분기별 자녀 학자금, 육아보육비, 입학축하금 신청 접수 및 품의
4. 동호회 신설 접수, 동호회활동 이력 관리, 동호회비 지급 품의
5. 장기근속 포상 대상 확인, 근속패 수령 전달
6. 임직원 기숙사 제공
 - 임직원들의 복지로 기숙사를 제공하며 필요시 적합한 건물을 조사 선정하여 계약진행
 - 기숙사 계약 만기일 이전에 입주인원 파악하여 감/증축 여부를 판단하고 재계약 또는 해지 진행
 - 매월 기숙사 점검을 실시하며 불시에 총무팀에서 점검하여 상태불량할 경우 개선요청"
8,코퍼,지원본부,총무,화성총무,안전보건관리,보건관리,"1. 공단검진,혈액검사,종합검진,독감접종을 통한 임직원 건강관리
2., 근골격계유해요인조사를 통한 인체 부담작업활동 개선
3. 건강검진 유소견자 상담등 집중관리
4. 식당 종사자 보건증 갱신 (1회/년)"
9,코퍼,지원본부,총무,화성총무,안전보건관리,보안관리,"1. 매 일 경비실 작성 경비순찰일지, 보안점검일지, 간부차량출입일지, 방문일지 등의 서류 확인진행
2. 매 주 출입보안 및 CCTV작동상태 점검 후 주간보안점검 보고서 작성
3. CCTV작동상태 점검 및 필요시 유지보수 진행
4. 임직원 입출문 지문 등록"
10,코퍼,지원본부,총무,화성총무,안전보건관리,소방관리,"1. 소방계획서 작성 및 소방훈련,소방작동기능점검 실시
2. 화재예방 위한 시설물 점검 및 개선"
11,코퍼,지원본부,총무,화성총무,안전보건관리,안전관리,"1. 사업장 안전사고 및 중대재해 예방 점검
2. 위험성평가를 통한 사고위험 도출 및 개선
3. 안전보건 온라인 및 집체교육 관리 및 실시
4. 액화석유가스 정기검사 관리 (한국가스안전공사) (1회/년)
5. 매월 조리원 위생안전 교육 시행"
12,코퍼,지원본부,총무,화성총무,안전보건관리,환경관리,"1. 사업장 정화조 방류수 수질 관리
2. 난방용 등유 유출, 기타 화학물질 사용여부 관리
3. 분기별 지하수 수질검사 및 비용 품의
4. 음식물폐기량 실적관리 및 시청 송부 (1회/년)"
13,코퍼,지원본부,총무,화성총무,인원관리,생산/계약/별정직 관리,"별정직
1. 임금인상에 따른 급여산정 및 계약갱신 진행
 - 당 해 년도 최저임금에 따른 급여산정 및 품의진행
 - 품의완료 후 개인별 근로계약서 작성
2. 근태에 따른 급여 산정 및 기타(김장지원금 외) 지급
 -  근태확인 및 보험료 확인진행
 -  급여산정 및 지급품의 후 회계처리진행"
14,코퍼,지원본부,총무,화성총무,인원관리,생산/계약/별정직 관리,"생산직(현장직)
1. 현업에서 현장직 채용 협조진행
2. 해당근거를 바탕으로 신규입사자 모집
3. 접수 이력서 현업과 협의하여 취합
4. 서류확인 및 면접 진행
5. 면접합격자에 한하여 건강검진진행
6. 해당 내역을 근거로 품의상신
7. 품의 완료 후 입사진행 및 해당인원 건강검진 비용정산"
15,코퍼,지원본부,총무,화성총무,인원관리,한마음협의회관리(고충처리),"1. 월,분기별 한마음 협의회 안건 취합, 처리 및 분기별 결과 정리 및 공지"
16,코퍼,지원본부,총무,화성총무,자원관리,보험관리,"1. 자동차보험 : 보험만료 전 보험료 견적 비교 호 적정업체 선정하여 가입
2. 재산종합보험 : 화성,세원전장,사외창고(강동,고잔,정남) 보험가입금액 검토 후 판교총무 전달
                        (판교총무 일괄가입 진행)               
3. 식당 가스사고 배상책임보험 가입 갱신 및 비용 품의 "
17,코퍼,지원본부,총무,화성총무,자원관리,부산물관리,"1. 바이백법인(하택,위해,신원,영성,베트남)의 부산물 반송시 단가 안내 및 반송 일정 협의
2. 처리업체(포워딩업체 포함)와 처리 일정 협의
3. 처리업체 입고 후 해외 반송중량과 일치여부 확인
4. 월 판매대금 검토 후 계산서 발행"
18,코퍼,지원본부,총무,화성총무,자원관리,"시설물 관리(공사,유틸리티,전기)","1. 연간 시설관리 계획수립(예산편성)
2. 레이아웃 변경/신규 창고 구축등 공사 진행
3. 정기점검을 통한 시설물 개선검토 및 공사진행
4. 공사업체 시공능력 및 견적검토
5. 공사완료 후 하자발생 여부 관리"
19,코퍼,지원본부,총무,화성총무,자원관리,자산관리,"1. 반기 1회 각 부서별 자산실사 실시
2. 각 부서 자산리스트를 취합하여 취득/폐각에 대한 누락내역등 최종 검토진행
3. 자산변동신청서 및 YFPM을 통해 신규취득,이동,폐각 등록관리"
20,코퍼,지원본부,총무,화성총무,자원관리,"차량관리(자차,리스,렌트)","1. 법인차량 신규 구매 및 폐각 진행
2. 법인차량 수리/운행기록 관리"
21,코퍼,지원본부,총무,화성총무,총무일반,근태/연차/인원관리,"1. 일일 근태 마감 및 근태수정
2. 근태신청서 접수
3. 52시간 연장 관리
4. 병가/휴직/퇴직 신청 접수,
5. 연차촉진계획 접수,
6. 입사 1년미만 월차정산관리
7. 퇴사자 연차 정산
8. 주간 입/퇴사 인원현황보고 / 주간 특근인원 취합 보고
9. 신규입사자 사원증 및 지문 등록"
22,코퍼,지원본부,총무,화성총무,총무일반,문서관리,"1. 문서이관 소모품 구매
2. 팁별 문서이관/폐기/보관 증빙서류 결재본 취합
3. 문서 이관/보존/폐기 진행"
23,코퍼,지원본부,총무,화성총무,총무일반,제세금 관리,"1. 급여, 상여 외 지급분에 관한 세금 납부내역 신고 및 고지금액 납부 회계처리
2. 건축물분, 균등분 등 주민세 기준에 따른 납부금액 산정 및 신고, 고지금액 납부 회계처리
3. 국세지방세.경비실적 사용 보고서 상신(사장님 보고)
4. 연말정산 시행 공지 및 서류검토, ERP 마감"
24,,,공통업무,화성총무,정기업무,"예산(경비, 투자) 관리","팀, 본부 단위 예산 수립 및 관리(증액 및 추가 등 포함), 자금 신청, 세금계산서 및 각종 증빙 등에 의한 회계처리"
25,,,공통업무,화성총무,정기업무,조직지원,"팀, 본부 등 조직내 자산, 보안관리, 조사취합, 의전, 물품신청 등 총무지원 업무, 조직도관리, 조직내 인원 및 업무분장표 관리 등"
26,,,공통업무,화성총무,정기업무,교육관련,"조직내 정기교육, 팀 또는 본부내 OJT 교육, 사내외 전문교육 수강, 교육계획 수립 등  "
27,,,공통업무,화성총무,정기업무,근태관리,"연차, 교육, O/T 등에 대한 결재 진행 및 시스템 입력, 팀내 전담 운영"
28,,,공통업무,화성총무,정기업무,국내 및 해외출장관리,"국내, 해외 출장에 필요한 계획수립 및 절차(비자,항공권), 출장수행"
29,,,공통업무,화성총무,정기업무,타부서 요청자료 대응,팀내 수행 업무에 대한 타팀의 요청자료 대응 또는 신규 요청 대응 (RFQ 요청자료 포함)
30,,,공통업무,화성총무,정기업무,문서관리,"심사대응을 위한 각 종 문서관리, 팀내 기록물 관리, 문서화일링 관리, 문서이관, 도면관리 등 "
31,,,공통업무,화성총무,정기업무,"일 업무보고, 업무일지, PLM 또는 팀회의","주간 업무일지 작성 또는 일간 업무보고, 조회, 스탠딩회의, PLM 입력 등"
32,,,공통업무,화성총무,정기업무,주간 업무보고,"주간 정기적 업무보고 또는 회의, 회의준비 (화상회의 포함)"
33,,,공통업무,화성총무,정기업무,월간 업무보고,"월간 정기적 업무보고 또는 회의, 회의준비 (화상회의 포함)"
34,,,공통업무,화성총무,정기업무,현장관리,"3정5행, 실사, 순찰 등의 현장점검 활동"
35,,,공통업무,화성총무,정기업무,"사업계획, 실적, 성과관리","사업계획 수립 및 실적관리, C/F 및 KPI 등의 성과관리"
36,,,공통업무,화성총무,정기업무,외부 심사대응,"인증 주관부서를 제외한 타팀의 각 종 심사대응 (ISO, IATF, 품질5스타 OSHAS, 공정거래 등)"
37,,,공통업무,화성총무,비정기업무,산업재산권 및 특허관리,연구소내 산업재산권 및 특허 출원 관련 수행업무 및 관리업무
38,,,공통업무,화성총무,비정기업무,고객사 요청자료 대응,"당사 직무분류 내에서 정형화 된 고객대응을 제외한 모든 비정기적 고객심사대응, 자료작성, 요청사항 대응, 고객주관 회의 참석"
39,,,공통업무,화성총무,비정기업무,경영진 지시사항 대응,직무적으로 정기적으로 보고하는 사항외의 비정기적 발생되는 경영진 지시사항 대응
40,,,공통업무,화성총무,비정기업무,조직간 협의,타본부 및 타팀과의 업무 조율 및 회의
41,,,공통업무,화성총무,비정기업무,긴급 라인대응 및 리워크 등 불량대응,"물량 부족, 긴급사태, 제품 불량 등에 따른 현장 대응 및 관계 업무"
1,코퍼,지원본부,총무,판교총무,대외업무관리,"계약관리(임대차,관계사외)","유라R&D센터 계약 서류 관리
 1. 연도별 유라R&D센터 계약 서류 관리
 2. 계약 서류 특이사항 확인 후, 담당자에게 개선사항 공유"
2,코퍼,지원본부,총무,판교총무,대외업무관리,"계약관리(임대차,관계사외)","유라R&D센터 관련 임대차 계약관리
1. 유라, 유라엘텍 관계사 간 지분, 임대료 등 변동 사항 발생 시 관련 내용 검토
2. 내용 종합하여 총괄사장님 품의 진행
3. 계약 내용 갱신 후 관계사 간 임대차 계약 갱신 진행
전 관계사(해외 포함) 부동산 현황 취합 관리
1. 반기별 전 관계사(해외 포함) 임대차, 자가 등 부동산 현황 취합 관리 "
3,코퍼,지원본부,총무,판교총무,대외업무관리,대관업무," 유라R&D센터 건축, 부동산 관련 대관업무 발생 시 업무 대응
1. 유라R&D센터 (재산세 감면 등)관련 분당구청 요청사항 발생 시 업무 대응
2. 판교테크노벨리 사업관리부서의 유라R&D센터 관련 요청사항(실태조사 등) 발생 시 업무 대응"
4,코퍼,지원본부,총무,판교총무,대외업무관리,업체관리(도급/용역/납품차량),"유라R&D센터 서비스(도급/용역) 운영 관리
 1. 유라R&D센터 정수기/비데 운영 관리
 2. 유라R&D센터 복합기/해외전화 운영 관리
 3. 유라R&D센터 우편 발송 서비스 운영 관리"
5,코퍼,지원본부,총무,판교총무,대외업무관리,행사/의전관리,"행사/의전 기획
1. 상반기 단체활동(산행) : 전 관계사 팀장급 이상인원 단체활동 계획, 준비, 시행
2. 하반기 단체활동 : 하반기 단체활동 관련 계획/품의 시행
3. 시무식 : 년 1회 연 초 전 관계사 시무식 운영 품의 및 관련 진행 업무 관리/지원
4. 송년회 : 매년 12월 전사 송년회 계획/품의 업무 
5. 선물 / 난발송 : 외그인원 명절선물 및 난 발송 업무
6. 고사 : 년 1회 전관계사 고사업무 계획 / 운영/ 관리/ 보고(해외주재원 포함)
7. 유라R&D센터 비정기 행사/의전 업무 기획(커피차 이벤트, VIP 방문 등)"
6,코퍼,지원본부,총무,판교총무,대외업무관리,행사/의전관리,"행사/의전 관리 및 지원
 - 고사, 산행, 야유회, 시무식 등 행사/의전 발생 시 업무지원 및 진행"
7,코퍼,지원본부,총무,판교총무,보수관리,인건비관리,"1. 별정직 급여인상 품의
2. 연말정산 서류 검토 및 분납/세율조정/ 주소지 변경 등 "
8,코퍼,지원본부,총무,판교총무,복리후생관리,비품/소모품 구매,"유라R&D센터 임직원 지원 비품/소모품 구매
 1. 정기 물품 구매 지급 - 근무복, 기념품, 다이어리, 문서이관상자, 전산기기
 2. 비정기 물품 지급 - 협조전 기반 전산기기 및 기타 소모품"
9,코퍼,지원본부,총무,판교총무,복리후생관리,비품/소모품 구매,"1. 월간 명함, 사원증 소모품 구입
2. 기타 공용 사무용품 구입 및 배포"
10,코퍼,지원본부,총무,판교총무,복리후생관리,사내외 식당관리,"1. 식당 시설 관리
2. 식당 이용간 불만사항 접수 및 고충 처리"
11,코퍼,지원본부,총무,판교총무,복리후생관리,직원복지,"1. 직장어린이집 운영 : 신청자 모집/ 입학/ 지원금 지급, 운영 실태조사 대응 외 
2. 법인골프장 : 회원권 구매, 회원지정인원 관리, 매월 신청자 신청, 예약, 변경 등 참석 관리 외
3. 법인콘도(알펜시아) : 관리비 정산 및 부대 시설관린 업무 처리
4. 캘런디/다이어리 : 년 1회 갤런터 다이어리류 수량, 시안, 인쇄, 배포 관련 업무
5. 통근버스 : 판교 통근버스 운행 관련 업무 관리(비용처리, 포함)
6. 연차 사용촉진 : 년 1회 연말 차년도 연차사용촉진일 선정 품의 관리(공지포함)"
12,코퍼,지원본부,총무,판교총무,복리후생관리,직원복지,"1. 경조금 신청서 검토 및 품의 상신
2. 경조 발생시 화환 신청"
13,코퍼,지원본부,총무,판교총무,복리후생관리,직원복지,"유라R&D센터 임직원 복지 관리 운영 전반
 1. 임원 통신비, 하이패스, 사무기기 등 복지 지원
 2. 직원 동호회 운영 관리
 3. 직원 기숙사 운영 관리
 4. 직원 상조회 운영 관리"
14,코퍼,지원본부,총무,판교총무,복리후생관리,직원복지,"1. 월간 생일자, 결혼기념일 대상자 확인 및 상품권 구입, 지급
2. 분기별 학자금 접수"
15,코퍼,지원본부,총무,판교총무,안전보건관리,보안관리,사원증 출입 권한 등록 및 해제(요청시)
16,코퍼,지원본부,총무,판교총무,안전보건관리,소방관리,"소방시설 작동점검, 정기 점검을 통해 유사시 사고를 방지"
17,코퍼,지원본부,총무,판교총무,인사기획,대외포상,"정기 임직원 포상/지급 업무 수행
 1. 분기별 산업재산권/ve우수사원 포상/지급
 2. 연간 다작특허 우수자 포상/지급
 3. 연간 우수사원 포상 관련 상패 제작"
18,코퍼,지원본부,총무,판교총무,인원관리,생산/계약/별정직 관리,"별정직 급여 지급 업무
  1. 별정직 월 급여 산정 및 지급
  2. 별정직 격려금/명절 휴향비 등 산정 및 지급"
19,코퍼,지원본부,총무,판교총무,인원관리,장애인 관리,"1. 전사업장 장애인 고용현황 점검/관리 고용계획 관련 장애인공단 공식조사 대응(년 2~3회)
2. 년 1회 전사업장 장애인 고용 부담금 납무 정산 업무
3. 장애인 채용계획 관련 신고 업무"
20,코퍼,지원본부,총무,판교총무,인원관리,한마음협의회관리(고충처리),"유라R&D센터 한마음협의회 관리 운영 전반
 1. 유라R&D센터 한마음협의회 기본 관리
 2. 한마음협의회 사전/정기 업무 개최/진행
 3. 한마음협의회 안건 공유 및 취합"
21,코퍼,지원본부,총무,판교총무,자원관리,보험관리,"1. 년 1회 전사 재산종합 보험 가입 관리(년 1회)
2. 전 관계사 해외법인 재산종합보험 가입현황 관리"
22,코퍼,지원본부,총무,판교총무,자원관리,보험관리,"유라R&D센터 소속 자가 법인차량 + 실험용 차량 보험 관리
 1. 유라R&D센터 소속 자가 법인차량 + 임시 실험차량 보험 신규/갱신 가입
 2. 법인차량 사고 발생에 따른, 보험 처리 업무 수행"
23,코퍼,지원본부,총무,판교총무,자원관리,부산물관리,"1. 분기별 발생 부산물 판매 처리
2. 기타 폐기물(가구 등) 폐각 처리"
24,코퍼,지원본부,총무,판교총무,자원관리,"시설물 관리(공사,유틸리티,전기)","국내 전 관계사 공사 입찰건 관리
1. 전 관계사 사업장별 500만원 이상 공사건 견적 요청 접수
2. 견적 요청 내용 검토 후 추가 참여업체, 공사 내용 조정 등 특이사항 반영하여 입찰시스템 통해 
   업체 입찰 진행
3. 업체 견적내용 취합 및 검토 후 업체 선정, 결과 내용 해당 사업장 회신
4. 발생 건별 자료 취합 및 관리
해외 사업장 공사 발생 시 내역 검토
1. 해외 사업장 발생 공사건 중 검토 필요시 내역 검토 및 피드백"
25,코퍼,지원본부,총무,판교총무,자원관리,"시설물 관리(공사,유틸리티,전기)","1. 레이아웃 요청 접수, 검토
2. 업체 견적 확인 후 품의 진행
3. 업체, 해당팀 일정 조율하여 공사 진행
4. 공사후 추가 요청사항 접수 및 처리"
26,코퍼,지원본부,총무,판교총무,자원관리,자산관리,"유라R&D센터 자산관리 전반 수행
 1. 유라R&D센터 상/하반기 정기 자산관리 실사
 2. 유라R&D센터 팀별 전산자산 체크/자산 라벨 출력
 3. 유라R&D센터 공용자산(미술품 포함) 실제 보유 자산 등록/폐기"
27,코퍼,지원본부,총무,판교총무,자원관리,"차량관리(자차,리스,렌트)","유라 전 관계사 법인차량 현황 관리 + 유라R&D센터 소속 리스 차량 관리 전반
 1. 월별 유라 전 관계사 법인차량 보유 현황 관리
 2. 유라R&D센터 임원/업무용 법인차량 신규/연장 계약 업무 진행
 3. 유라R&D센터 임원/업무용 법인차량 운행일지 기록 관리 전반
 4. 유라R&D센터 업무용 차량 정기/비정기 정비 업무 수행"
28,코퍼,지원본부,총무,판교총무,총무일반,근태/연차/인원관리,"1. 전일 근태 마감(타각자료 더존 업로드 → 근태신청서/OT신청서/근태수정요청서등 검토후 마감)
2. 근태신청서 접수 및 검토
3. 근태수정요청서/특근수정요청서 접수 후 더존 반영
4. 월 근태 마감후 개인별 연장수당/급여공제시간 계산 및 인사관리팀 통보
5. 병가/휴직/복직 등 인원 관리
6. 입퇴사자 발생시 수시 관리(퇴사자 사직원 접수 및 검토, 신규입사자 근태 세팅)
7. 근태 가감점 반영 대상자 확인(인사평가 대상자, 분기 우수사원포상자 등)
8. 연차 및 월차 계산 및 시스템 등록
9. 월별 연차 사용 현황 보고
10. 중도퇴사자 / 관계사 전출자 등 연차 정산
11. 입사1년 미만자 연차 정산/이월 여부 확인 및 수당 반영 요청"
29,코퍼,지원본부,총무,판교총무,총무일반,내부시스템 관리,사내 규정 관리 및 업무 프로세스 및 매뉴얼 개정 업무
30,코퍼,지원본부,총무,판교총무,총무일반,문서관리,"문서관리 관련 제반업무 수행
 1. 유라R&D센터 문서고 관리
 2. 유라R&D센터 문서고 이관/폐기 서류 관리
 3. 유라R&D센터 문서고 문서 정기 폐각 업무"
31,코퍼,지원본부,총무,판교총무,총무일반,제세금 관리,"1. 소득세/지방소득세(주민세)/ 사업소세 신고 및 전표 입력(인사 급여자료+기타소득등 확인)
2. 재산세 사업소분 (건물 사용 명세서 제출 및 신고)
3. 기타 제세금 관리 및 납부(재산세, 등록면허세, 환경개선 부담금, 계속도로점용료 등)
4. 국세/지방세 보고"
32,,,공통업무,판교총무,정기업무,"예산(경비, 투자) 관리","팀, 본부 단위 예산 수립 및 관리(증액 및 추가 등 포함), 자금 신청, 세금계산서 및 각종 증빙 등에 의한 회계처리"
33,,,공통업무,판교총무,정기업무,조직지원,"팀, 본부 등 조직내 자산, 보안관리, 조사취합, 의전, 물품신청 등 총무지원 업무, 조직도관리, 조직내 인원 및 업무분장표 관리 등"
34,,,공통업무,판교총무,정기업무,교육관련,"조직내 정기교육, 팀 또는 본부내 OJT 교육, 사내외 전문교육 수강, 교육계획 수립 등  "
35,,,공통업무,판교총무,정기업무,근태관리,"연차, 교육, O/T 등에 대한 결재 진행 및 시스템 입력, 팀내 전담 운영"
36,,,공통업무,판교총무,정기업무,국내 및 해외출장관리,"국내, 해외 출장에 필요한 계획수립 및 절차(비자,항공권), 출장수행"
37,,,공통업무,판교총무,정기업무,타부서 요청자료 대응,팀내 수행 업무에 대한 타팀의 요청자료 대응 또는 신규 요청 대응 (RFQ 요청자료 포함)
38,,,공통업무,판교총무,정기업무,문서관리,"심사대응을 위한 각 종 문서관리, 팀내 기록물 관리, 문서화일링 관리, 문서이관, 도면관리 등 "
39,,,공통업무,판교총무,정기업무,"일 업무보고, 업무일지, PLM 또는 팀회의","일간 업무일지 작성 또는 일간 업무보고, 조회, 스탠딩회의, PLM 입력 등"
40,,,공통업무,판교총무,정기업무,주간 업무보고,"주간 정기적 업무보고 또는 회의, 회의준비 (화상회의 포함)"
41,,,공통업무,판교총무,정기업무,월간 업무보고,"월간 정기적 업무보고 또는 회의, 회의준비 (화상회의 포함)"
42,,,공통업무,판교총무,정기업무,현장관리,"3정5행, 실사, 순찰 등의 현장점검 활동"
43,,,공통업무,판교총무,정기업무,"사업계획, 실적, 성과관리","사업계획 수립 및 실적관리, C/F 및 KPI 등의 성과관리"
44,,,공통업무,판교총무,정기업무,외부 심사대응,"인증 주관부서를 제외한 타팀의 각 종 심사대응 (ISO, IATF, 품질5스타 OSHAS, 공정거래 등)"
45,,,공통업무,판교총무,비정기업무,산업재산권 및 특허관리,연구소내 산업재산권 및 특허 출원 관련 수행업무 및 관리업무
46,,,공통업무,판교총무,비정기업무,고객사 요청자료 대응,"당사 직무분류 내에서 정형화 된 고객대응을 제외한 모든 비정기적 고객심사대응, 자료작성, 요청사항 대응, 고객주관 회의 참석"
47,,,공통업무,판교총무,비정기업무,경영진 지시사항 대응,직무적으로 정기적으로 보고하는 사항외의 비정기적 발생되는 경영진 지시사항 대응
48,,,공통업무,판교총무,비정기업무,조직간 협의,타본부 및 타팀과의 업무 조율 및 회의
49,,,공통업무,판교총무,비정기업무,긴급 라인대응 및 리워크 등 불량대응,"물량 부족, 긴급사태, 제품 불량 등에 따른 현장 대응 및 관계 업무"
1,코퍼,지원본부,총무,청주총무,대외업무관리,"계약관리(임대차,관계사외)","관계사 및 도급사 임대차 관리(임대료/관리비 항목 선정, 계약체결, 비용 산정 및 청구 등)
1. 관계사 및 도급업체의 임대료/관리비 항목 선정 및 단가 산정
2. 관계사 및 도급업체의 임대료/관리비 도출 및 임대차 계약 품의 상신
3. 임대차 계약 체결
4. 월별 일반관리비 지급 품의 상신 및 비용 지급"
2,코퍼,지원본부,총무,청주총무,대외업무관리,업체관리(도급/용역/납품차량),"영업 및 자재팀 납품차량 관리
1. 물류차량 이용내역 관리
2. 증감 사유 관리
3. 물류 이용대금 품의 및 계약관리 등"
3,코퍼,지원본부,총무,청주총무,대외업무관리,업체관리(도급/용역/납품차량),"1. 청소/경비/영선등 용역관리
 - 조경, 미화, 영선, 경비등 외부업체 용역계약 실시 및 관리 
 - 월 용역료 지급 품의
 - 청소용역원들의 적정배치를 통한 3정5S 달성
 - 영선인원 배치를 통한 기타 유틸리티 설비 유지관리 "
4,코퍼,지원본부,총무,청주총무,대외업무관리,업체관리(도급/용역/납품차량),"통근버스 배차 및 운행비용 정산
1. 팀별 잔업 파악 및 배차 집계
2. 배차 통보
3. 월말 배차 집계
4. 품의서 작성 및 비용 납부"
5,코퍼,지원본부,총무,청주총무,대외업무관리,행사/의전관리,"1. 고사 업무 대응
2. 고객사 방문시 VIP식당 대응"
6,코퍼,지원본부,총무,청주총무,대외업무관리,행사/의전관리,"행사 및 내/외부 고객 방문 관리
1. 월례조회 및 한마음협의회 등 행사 준비 및 진행 등
2. 내/외부 고객 방문시 사전준비(대응 체크리스트 작성, 환영입간판 반영 등)
3. 내/외부 고객 고객 방문 시 의전 대행"
7,코퍼,지원본부,총무,청주총무,복리후생관리,국내외 출장관리,"비자발급 비용 관리(발급현황 확인 및 품의상신, 비용처리 등)
1. 판교, 청북, 진위, 화성 사업장 발급 비자 현황 접수
2. 판교, 청북, 진위, 화성 사업장 발급 비자 인보이스 발행 요청
3. 판교, 청북, 진위, 화성 사업장 통합 품의 상신 및 비용처리"
8,코퍼,지원본부,총무,청주총무,복리후생관리,비품/소모품 구매,"1. 소모품 월 재고실사후 정기소모품 구입
 - 사무용품,전산용품,기타 소모품
 - 사무용품, 기타소모품,인쇄물,전산용품은 입고 시 물품 검사 후 각 요청 부서별로 불출
 - 토너류는 물품 입고 후 총무창고 보관"
9,코퍼,지원본부,총무,청주총무,복리후생관리,비품/소모품 구매,"1. 피복류구매 신청을 위한 각 팀별 필요수량 취합
 - 정기 지급 대상: 하계/춘추근무복/동계근무복/방한복/조끼/제전복,제전모
2. 취합된 필요수량을 근거로 예비수량 포함하여 결재 진행
3. 품의 완료에 따른 근무복 제작을 외부 제작업체에 통보"
10,코퍼,지원본부,총무,청주총무,복리후생관리,사내외 식당관리,"1. 식단표 작성 : - 매월 공장별 순서대로 식단표 작성 및 메뉴 회의 진행
                   - 매주 식단표 확정 및 메뉴게시 (원산지 작성 必)
2. 식자재 발주 : - 식단표 확정되면 차주 식자재 발주 (발주 프로그램 이용)
                   - 전일 재고 확인 후 발주 수정
3. 식자재 검수 : - 매일 식자재 입고분 검수 작업 (유통기한 및 식자재 신선도 등 확인)
                   - 수산물류 방사능 체크
4. 메뉴   검식 : - 배식전 염도 측정, 중심온도 측정, 검식 진행, 보존식 必
5. 배식
6. 사내식당 주,부식비 마감(매월)
7. 일일 사내식당 위생 정검 조리원 위상상태 및 용모 점검
8. 월 조리원 위생 안전 교육 
9. 식당 부식 발생비용 마감 품의 진행"
11,코퍼,지원본부,총무,청주총무,복리후생관리,직원복지,"1. 경조금/화환
 - 수시로 경조발생자로부터 신청서 접수 / 필요시 화환 지급
 - 내부규정 확인후 적용가능여부 판단
 - 결재 완료 후 급여에 포함하여 경조금 지급
2. 동호회 관리
 - 동호회 설립 신청서 접수 및 검토
 - 동호회 활동 제출 증빙 타당성 확인 및 활동비 지원 품의상신
3. 청북공장/성환창고 생수관리
4. 렌탈관리
 -  비데, 공기청청기, 정수기 신규 렌탈 및 월 비용지급
 - 월 정기점검 대응(필터교체 및 소득 등)
 - 고장등 이상발생시 A/S 접수 및 대응"
12,코퍼,지원본부,총무,청주총무,복리후생관리,직원복지,"기숙사 관리, 근로자의 날 기념품 관리(기숙사, 근로자의날 기념품 지급 등)
1. 기숙사 신규 계약, 갱신 계약, 해지 등 상황 발생시 품의 상신 및 계약체결(1회/분기 기숙사 점검)
2. 근로자의 날 및 창립기념일 기념품 품목 선정, 품의상신, 지급 관리
3. 1회/분기 기숙사 점검 시행"
13,코퍼,지원본부,총무,청주총무,복리후생관리,직원복지,"1. 생일자 데이터 취합, 경조금 신청서 접수, 학자금 신청서 접수
2. 생일자, 경조금, 학자금 지급 품의
3. 상품권 및 경조금 지급"
14,코퍼,지원본부,총무,청주총무,안전보건관리,보건관리,"보건관리
 1. 작업환경 및 작업 관리 : 반기별 1회 작업환경측정 실시
 2. 근골격계 부담작업 유해요인 조사 및 개선
 3. 안전보건교육 실시 : 채용시, 도급공사, 정기, 화학물질 등 안전교육 실시
 4. 근로자 건강관리 : 건강검진(일반/특수/배치전/배치후), 유소견자 사후관리, 독감예방접종 등
 5. 응급처치 : 건강관리실 운영 및 의약품 지급, 공상 처리 실시 등
 6. 화학물질 위험성 평가 실시
 7. 화학물질 물질안전보건자료(MSDS) 관리
 8. 보호구 지급 및 지급대장 관리
 9. 코로나 확진자 관리
 10. 사업장 조도측정 실시
 11. 심폐소생술 및 응급처치 교육
 12. 자동제세동기(AED) 점검
 13. 밀폐공간 점검 및 밀폐공간작업프로그램 관리"
15,코퍼,지원본부,총무,청주총무,안전보건관리,보안관리,"ISO27001 관리
1.정보보호정책 수립 및 관리
2.보안점검 및 교육
3.정보보호 위험평가
4.보안성검토
5.정보시스템 취약점 진단
6.보안관리
7.ISO27001 인증 유지/관리"
16,코퍼,지원본부,총무,청주총무,안전보건관리,보안관리,"보안카메라 및 통신선로 유지관리
  1. 보안카메라 증설, 변경, 교체 등 유지관리
  2. 사내 네트워크 증설, 변경, 철거 등 유지관리"
17,코퍼,지원본부,총무,청주총무,안전보건관리,소방관리,"소방시설물 유지관리
  1. 법정 정기검사 실시 (자체, 정기)
  2. 소방 시설물 변경, 증설, 교체 실시 및 관공서 신고 / 인허가 진행
  3. 소방계획서 작성 및 보관, 훈련, 자위소방대 조직 진행
  4. 관공서 대응 (소방서 방문 점검, 관련 공문)
  5. 홍보물 게시 (현수막, 표찰, 표어)"
18,코퍼,지원본부,총무,청주총무,안전보건관리,안전관리,"안전관리
1. 유해위험기계기구 관리
2. 근로자 안전교육
3. 외부공사, 비 정형작업 공사 관리 및 작업계획서 검토
4. 위험성평가
5. 도급사 관리(협의체, 합동안전점검, 사내 하도급업체 운영 체크리스트 작성)
6. 산업안전보건위원회 주최 및 안전보건관리규정 재개정
7. 사업장 순회점검 및 개선
8. 산업재해 예방 및 통계관리"
19,코퍼,지원본부,총무,청주총무,안전보건관리,환경관리,"ISO14001 관리
1. 환경안전보건 방침작성
2. 환경영향평가 시행(위험요인 분석 및 개선활동 시행)
3. 법규 및 그 밖의 요구사항 작성
4. 환경/안전보건경영 추진 계획서 수립
5. 환경/안전보건 조직도 작성
6. 비상사태 시나리오 작성
7. 준수평가 및 내부심사 시행"
20,코퍼,지원본부,총무,청주총무,안전보건관리,환경관리,"환경
1. 인허가 변경 신고
2. 오염물질 배출시설 관리
3. 방지시설 관리
4. 오염물질 배출량 측정 및 보고
5. 환경 오염물질 배출량 관리 및 보고

화학물질
1. 인허가 변경 신고
2. 화학물질 취급자 교육
3. 화학물질 취급설비 및 보관장소 관리
4. 정기 보고 및 검사 관리
5. 화학물질 취급량 관리 및 보고"
21,코퍼,지원본부,총무,청주총무,안전보건관리,환경관리,"폐기물 처리 
1. 폐기물 수집/불리
2. 보관장소 이동 보관
3. 폐기물 처리계약 
4. 폐기물 적법처리시스템 등록
5. 폐기물처리 인계서 등록"
22,코퍼,지원본부,총무,청주총무,인원관리,생산/계약/별정직 관리,"1. 생산직 채용
 - 협조전 접수 : 필요인원, 충원사유, 상세한 자격요건 확인
 - 채용공고: 채용 사이트 공고진행
 - 입사지원서 접수
 - 면접준비 및 진행
 - 면접합격자에 한하여 건강검진진행
 - 품의서 작성 및 합격자 발표
 - 최종합격 안내 및 입사서류 작성 및 인사팀 자료 송부
2. 분기별 생산 계약직 평가 
 - 업무숙련도 및 현업팀 평가
 - 근태평가 / 평판평가
 - 점수종합하여 평가표 관리
3. 별정직 급여 관리"
23,코퍼,지원본부,총무,청주총무,인원관리,장애인 관리,"1. 장애인 고용현황 관리/ 채용
2. 장애인 고용부담금 신고서류 작성 송부"
24,코퍼,지원본부,총무,청주총무,인원관리,한마음협의회관리(고충처리),"노무 관리(한마음협의회 및 관리직 업무지원 간담회 안건 접수, 협의회 시행, 안건 이행 등)
1. 한마음 협의회 및 관리직 업무지원 간담회 안건 접수
2. 한마음 협의회 및 관리직 업무지원 간담회 안건 협의
3. 의결사항 보고 및 이행"
25,코퍼,지원본부,총무,청주총무,자원관리,보험관리,"보험관리 (보험 만기 시점 파악, 청약 요청, 품의 상신, 갱신 가입 등)
1. 재산종합보험(화재보험) 리스트 작성
2. 해외장기체류보험, 상주원 상해보험, 자동차 보험, 승강기 사고배상책임보험 가입 품의 상신
3. 식당 가스배상 책임보험 및 승강기 보험 관리
4. 가입 완료 후 보험증권 수령 후 철하여 보관"
26,코퍼,지원본부,총무,청주총무,자원관리,부산물관리,"1. 부산물 처립업체 선정/변경
2. 부산물 발생 계근입력, 
3. 부산물 임시보관장소 보관, 
4. 부산물 2차 계랑
5. 계량표 및 계산서 발행 
6. 판매대금입금확인 및 실적보고(품의)"
27,코퍼,지원본부,총무,청주총무,자원관리,"시설물 관리(공사,유틸리티,전기)","건물유지보수 (증축, 개축, 철거등)
  1. 경영진 지시사항 및 각 조직의 요청에 의하여 공사 진행
  2. 법규에 따른 건축물의 용도변경 증축, 변경, 보안등 공사 진행
  3. 건축물 수명유지 및 청결 유지를 위한 개보수, 청소
  4. 부동산(공장건물) 현황 관리 (도면, 등기사항등)
  5. 옥외 간판 신고 관리 (관공서)
  6. 해외법인 공사 필요시 출장대응 
  7. 사내 농작물 및 조경 관리"
28,코퍼,지원본부,총무,청주총무,자원관리,"시설물 관리(공사,유틸리티,전기)","유틸리티 유지보수 (증설, 변경, 철거 등)
  1. 경영진 지시사항 및 각 조직의 요청에 의하여 공사 진행
  2. 현장 여건에 따른 유틸리티 증설, 철거, 보강 공사 진행
  3. 유틸리티 설비 수명유지를 위한 소모품 정기 교체 및 지속 관리
  4. 유틸리티 설비 유지보수 업체 계약 및 선정
  5. 법정 유지관리 설비에 대한 정기검사 (전기시설물, 압력용기, 오수처리시설 등)"
29,코퍼,지원본부,총무,청주총무,자원관리,자산관리,"자산관리 (폐각, 자산실사 등)
1. 자산 취득후 실사 보고서 작성
2. 자산관리시스템(YFPM) 등록
3. 반기별 자산실사후 자산실사 결과 보고서 상신
4. 자산 폐기 품의 및 폐기 진행"
30,코퍼,지원본부,총무,청주총무,자원관리,"차량관리(자차,리스,렌트)","차량관리 (차량 구입, 리스/렌트, 차량 배차, 점검/수리 등)
1. 필요복적에 따라 필요시 차량의 구입, 리스/렌트 등 검토
2. 임원 및 업무용 차량 리스/렌트 관리 및 만기기 리스/렌트 등 품의 상신
3. 차량 배차 관리 및 차량의 예방 정비 및 고장시 수리 대응"
31,코퍼,지원본부,총무,청주총무,총무일반,근태/연차/인원관리,"1. 근태관리 : - 입사시 지문등록 진행
                - 매일 근태자료 업로드 확인하고 근태신청서,OT신청서 대조 및 미타각자 확인
                - 생산직 주단위 52시간 관리, 관리직 월단위 근무시간 관리
                - 근태증, 수정요청서 등 접수 
                - 근태마감시 OT집계표 서명본 접수(생산직)
2. 연차관리 : - 연초 연차발생작업, 연말 잔여연차 개수 작성
               - 1년미만자 연차 1년시점 정산 및 이월 자료 작성(필요시 동의서 접수)
               - 매월 연차사용현황 서명본 접수(생산직)
3. 인원관리 : - 입사자 발생시 근태기초자료 입력
                - 발령인원 근태적용 
                - 퇴사자 관리 (근태 중간마감, 잔여연차 정산자료 작성)
                - 계약만료인원 관리 (사직원 접수)"
32,코퍼,지원본부,총무,청주총무,총무일반,문서관리,"우편물관리, 대외문서접수, 대외문서발송 등
1. 우편물관리: 경비실 우편물 접수되면 해당인원(부서 담당자) 불출
2. 대외문서접수 : 공문서 접수되면 문서접수 및 수신대장 작성, 결재
3. 대외문서발송 : 공문서 발송 시 발송대장 작성 및 결재"
33,코퍼,지원본부,총무,청주총무,총무일반,문서관리,"1. 화일링목록표 작성 : 해당년 문서보관함에 보관하고 관리할 문서 목록표
2. 이관문서목록표 : 문서고로 이관할 문서 목록표
3. 보존문서관리대장 : 문서고내 보관되어 있는 문서 목록표
4. 폐각문서관리대장 : 보존기한이 지나 폐각할 문서 목록표"
34,코퍼,지원본부,총무,청주총무,총무일반,제세금 관리,"1 .각종 제세금 신고 자료 작성 및 신고
2. 세금 특성에 맞게 자료 정리
3. 세금신고
4. 세금납부 전표 작성
5. 월 국세·지방세 및 예산 사용실적 보고"
35,,,공통업무,청주총무,정기업무,"예산(경비, 투자) 관리","팀, 본부 단위 예산 수립 및 관리(증액 및 추가 등 포함), 자금 신청, 세금계산서 및 각종 증빙 등에 의한 회계처리"
36,,,공통업무,청주총무,정기업무,조직지원,"팀, 본부 등 조직내 자산, 보안관리, 조사취합, 의전, 물품신청 등 총무지원 업무, 조직도관리, 조직내 인원 및 업무분장표 관리 등"
37,,,공통업무,청주총무,정기업무,교육관련,"조직내 정기교육, 팀 또는 본부내 OJT 교육, 사내외 전문교육 수강, 교육계획 수립 등  "
38,,,공통업무,청주총무,정기업무,근태관리,"연차, 교육, O/T 등에 대한 결재 진행 및 시스템 입력, 팀내 전담 운영"
39,,,공통업무,청주총무,정기업무,국내 및 해외출장관리,"국내, 해외 출장에 필요한 계획수립 및 절차(비자,항공권), 출장수행"
40,,,공통업무,청주총무,정기업무,타부서 요청자료 대응,팀내 수행 업무에 대한 타팀의 요청자료 대응 또는 신규 요청 대응 (RFQ 요청자료 포함)
41,,,공통업무,청주총무,정기업무,문서관리,"심사대응을 위한 각 종 문서관리, 팀내 기록물 관리, 문서화일링 관리, 문서이관, 도면관리 등 "
42,,,공통업무,청주총무,정기업무,"일 업무보고, 업무일지, PLM 또는 팀회의","일간 업무일지 작성 또는 일간 업무보고, 조회, 스탠딩회의, PLM 입력 등"
43,,,공통업무,청주총무,정기업무,주간 업무보고,"주간 정기적 업무보고 또는 회의, 회의준비 (화상회의 포함)"
44,,,공통업무,청주총무,정기업무,월간 업무보고,"월간 정기적 업무보고 또는 회의, 회의준비 (화상회의 포함)"
45,,,공통업무,청주총무,정기업무,현장관리,"3정5행, 실사, 순찰 등의 현장점검 활동"
46,,,공통업무,청주총무,정기업무,"사업계획, 실적, 성과관리","사업계획 수립 및 실적관리, C/F 및 KPI 등의 성과관리"
47,,,공통업무,청주총무,정기업무,외부 심사대응,"인증 주관부서를 제외한 타팀의 각 종 심사대응 (ISO, IATF, 품질5스타 OSHAS, 공정거래 등)"
48,,,공통업무,청주총무,비정기업무,산업재산권 및 특허관리,연구소내 산업재산권 및 특허 출원 관련 수행업무 및 관리업무
49,,,공통업무,청주총무,비정기업무,고객사 요청자료 대응,"당사 직무분류 내에서 정형화 된 고객대응을 제외한 모든 비정기적 고객심사대응, 자료작성, 요청사항 대응, 고객주관 회의 참석"
50,,,공통업무,청주총무,비정기업무,경영진 지시사항 대응,직무적으로 정기적으로 보고하는 사항외의 비정기적 발생되는 경영진 지시사항 대응
51,,,공통업무,청주총무,비정기업무,조직간 협의,타본부 및 타팀과의 업무 조율 및 회의
52,,,공통업무,청주총무,비정기업무,긴급 라인대응 및 리워크 등 불량대응,"물량 부족, 긴급사태, 제품 불량 등에 따른 현장 대응 및 관계 업무"
1,코퍼,지원본부,총무,경주총무,대외업무관리,"계약관리(임대차,관계사외)","1. 임대차 품의 상신
2. 계약 체결(건물임차, 관계사임대, 울산상주원실 등)
3. 매월 관련비용 정산"
2,코퍼,지원본부,총무,경주총무,대외업무관리,대관업무,"1. 관공서 업무
2. 지역 협의회 업무(건천농공단지)"
3,코퍼,지원본부,총무,경주총무,대외업무관리,업체관리(도급/용역/납품차량),"경비청소용역
1. 매년 경비청소용역 재계약 품의 및 계약체결
2. 매월 운영을 위한 비용 산정 및 지급
납품차량
1. 매년 납품차량 재계약 품의 및 계약체결
2. 매월 운반비 정산 및 지급
도급업체 일반관리비 정산
1. 도급업체 일반관리비 정산 품의 및 계약체결
2. 매월 비용 산정 및 지급"
4,코퍼,지원본부,총무,경주총무,대외업무관리,행사/의전관리,"1. 경영진 의전(발생시)
2. 매년 고사 진행
3. 경주지역 인사노무관리 협의회 참석(분기)"
5,경주,지원본부,총무,경주총무,복리후생관리,국내외 출장관리," 1. 국외 출장자 협조전 접수
 2. 비자 발급 품의 진행
 3. 관련 경비 정산"
6,코퍼,지원본부,총무,경주총무,복리후생관리,비품/소모품 구매,"1. 각팀별 필요한 소모품 구매 협조전 접수 및 취합
2. 매월 정기 소모품 구매 협조전 상신 및 YPS에 소모품 구매 신청
3. 소모품 입고 검수 후 YPS 등록
4. 소모품 각 팀별 불출"
7,경주,지원본부,총무,경주총무,복리후생관리,사내외 식당관리,"1. 일일 식재료 검수 및 식재료 발주
2. 사내식당 주간식단표 및 레시피 작성
3. 검식 / 보존식 / 배식 관리 
4. 월 조리원 위생 안전 교육 및 가스 점검 
5. 식당 부식비 경비 마감
6. 분기별 사내식당 만족도 조사 결과보고"
8,경주,지원본부,총무,경주총무,복리후생관리,직원복지,"경조금관리 
 1. 현업 경조금신청서 접수
 2. 증빙 및 규정 확인후 내부품의 상신
 3. 결재득후 상품권 구입후 해당자에게 전달 / 화환 지급 대상자 발생시 , 화환신청 
학자금관리
 1. 매분기 학자금신청서 접수
 2. 접수된 신청서는 적격증빙 및 금액 확인 
 3. 학자금 지급 품의 상신(담당임원)/"
9,코퍼,지원본부,총무,경주총무,안전보건관리,보건관리,"1. 보건관리 위탁업체 계약 관리(년 1회)
2. 정기 보건관리 방문 대응(간호사 월1회, 의사, 분기1회, 위생사, 분기 1회)"
10,코퍼,지원본부,총무,경주총무,안전보건관리,보안관리,"1. 경비실에서 안전, 환경 점검일지 수령 후 확인
2. 일일안전 점검일지 작성
3. 시설보안 관리
4. 외부인 및 차량 출입절차 준수
5. 일일 CCTV 점검일지 확인"
11,코퍼,지원본부,총무,경주총무,안전보건관리,소방관리,"1. 소방계획서 작성(매년)
2. 비상대피계획 작성 및 자위소방대 조직도 관리(변경시 수시)
3. 월별 소방설비 점검(소화기, 비상구유도등 등)
4. 반기별 소방설비 작동기능점검 실시
5. 년2회 소방훈련 실시"
12,코퍼,지원본부,총무,경주총무,안전보건관리,안전관리,"1. 안전관리 위탁업체 계약 관리(년 1회)
2. 매월 정기 안전점검업체 방문 대응(월 2회)
3. 순회점검 실시 특이사항 확인 후 안전관리상태보고서 작성
4. 협력사 일일순회점검일지 작성(일일)
5. 협력사 안전보건협의체 운영(매월)
6. 협력사 합동안전보건점검 실시(분기)
7. 산업안전보건위원회 운영(분기)
8. 정기안전보건교육 실시(매월)"
13,코퍼,지원본부,총무,경주총무,안전보건관리,환경관리,"1. 폐기물 수거가 필요시 수거업체 배차신청, 폐기물 수거후 폐기물발생량 등록(올바로시스템), 
   년간 폐기물 처리실적 등록(올바로시스템)
2. 오수처리시설 유지보수업체 주간 점검표 작성본 접수 및 특이사항 확인, 분기 1회 방류수 검사 실시 
   및 검사성적서 접수, 확인"
14,코퍼,지원본부,총무,경주총무,인원관리,생산/계약/별정직 관리,"1. 현업에서 생산직 채용 협조진행
2. 협조전을 근거로 바탕으로 신규입사자 모집
3. 접수 이력서 현업과 협의하여 취합
4. 서류확인 및 면접 진행
5. 면접합격자에 한하여 건강검진진행
6. 해당 내역을 근거로 품의상신
7. 품의 완료 후 입사진행 및 해당인원 건강검진 비용정산"
15,경주,지원본부,총무,경주총무,인원관리,한마음협의회관리(고충처리)," 1. 분기별 한마음협의회 실시
 2. 한마음협의회 실시하는 전월에 사전한마음협의회 실시
    ㄴ 경미한 안건은 사전에 실시하여 해결
 3. 실시후 게시판에 공지"
16,코퍼,지원본부,총무,경주총무,자원관리,보험관리,"1. 재산종합보험(화재보험), 자동차 보험증권, 승강기 사고배상책임보험 가입 품의 상신
2. 가입 완료 후 보험증권 수령 후 철하여 보관"
17,코퍼,지원본부,총무,경주총무,자원관리,부산물관리,"1. 부산물 발생량 계근 확인(발생시, 생산/총무)
2. 부산물 계근 완료 후 보관장에 이관 관리
3. SAP에 발생량 등록 및 생산팀 등록 무게와 대사 확인
4. 부산물 업체 수거 일정 예약(반기1회)
5. 판매당일 협업팀 전체 확인후 공인계근소에서 계량 진행
6. 단가 확정시 세금계산서 발행후 판매결과 보고서 상신"
18,코퍼,지원본부,총무,경주총무,자원관리,"시설물 관리(공사, 유틸리티,전기)","1. 연간 시설관리 계획수립(예산편성)
2. 정기점검을 통한 시설물 개선과 자체수리 불가시 공사진행
3, 공사업체 시공능력 및 견적검토
4. 공사진행 시 안전작업허가서 작성 및 교육
5. 공사완료 후 하자발생 여부 관리
6. 시설물 안전검사 주기 확인 및 검사진행(압력용기, 덤웨이터, 승강기 등)"
19,코퍼,지원본부,총무,경주총무,자원관리,자산관리,"1. 자산 취득후 실사 보고서 작성
2. 자산관리시스템(YFPM) 등록
3. 반기별 자산실사후 자산실사 결과 보고서 상신"
20,코퍼,지원본부,총무,경주총무,자원관리,"차량관리(자차,리스,렌트)","1. 자가/리스차량 소모품 주기 관리 및 교체 진행
2. 리스차량 계약종요일 확인 및 신규발생 소요시 품의 진행
3. 일일 차량점검일지 확인 관리
4. 법인차량 사용시 차량운행일지 작성 여부 확인 관리"
21,경주,지원본부,총무,경주총무,총무일반,근태/연차/인원관리,"근태관리
 1. 전일 근태 바코드가 업로드 되면, 근태 이상여부 확인 
 2. 현업 근태코드 입력 이상여부 확인, 출퇴근 시간에 따른 연장시간 확인(OT신청서 기준), 근태수정요청서 내용 반영에 대한 수정 작업 
 3. 월 마감시 , 개인별로 본인 근태를 확인요청 (이상시 수정 반영)
연차관리
 1.  매년 초 발생된 연차를 정확히 산정하여 개인별 연차 사용 계획 및 촉진계획을 수립하고 시행토록 관리함.     
 2. 매월 신규입사자 월차 부여 및 매월 근속 1년자 잔여 월차정산(이월) 
인원관리
 1. 전입/전출/입.퇴사자에 대한 일일 인원 관리.
 2. 입퇴사자 현황 관리
 3. 조직도 업데이트 관리
주 52시간 관리
 1. 전일 개인별 누적 근로시간 확인 
 2. 초과근로 위험자 발생시, 잔여 연장근로 가능시간 통보 및 관리요청
 3.  연장근로 가능시간 내에 OT신청(특근신청) 하는지 확인 
병가,휴직/복직 발생시 신청서 접수 및 근태반영 "
22,코퍼,지원본부,총무,경주총무,총무일반,문서관리,"1. 문서이관 실시(년 1회)
2. 파일링 목록표 작성
3. 이관문서 목록표 작성 및 문서고 이관
4. 폐기문서 관리대장 작성 관리"
23,경주,지원본부,총무,경주총무,총무일반,제세금 관리,"1. 급여, 상여 외 지급분에 관한 세금 납부내역 신고 및 고지금액 납부 회계처리
2. 건축물분, 균등분 등 주민세 기준에 따른 납부금액 산정 및 신고, 고지금액 납부 회계처리
3. 국세지방세.경비실적 사용 보고서 상신(사장님 보고)
4. 일용직근로 발생시, 일용근로확인신고 실시 (국세청신고 자동반영 포함)"
24,코퍼,지원본부,총무,경주총무,안전보건,ISO 45001 / ISO 14001,"1. 경주공장 ISO45001 인증 자격 유지 관리 및 사후심사 대응(년 1회)
2. 환경/안전보건 조직도 관리
3. 환경/안전보건 목표 및 실적 관리
4. 환경영향평가 및 위험성평가 실시 
5. 법규등록부 관리 및 법규준수평가 실시
6. 내외부 이슈 및 이해관계자 요구 파악(리스크평가)"
25,코퍼,지원본부,총무,경주총무,안전보건,산업보건,"1. 법정 건강검진 시행 및 미시행자 관리(매년 1회)
2. 직원 건강검진 시행 확인(종합검진, 혈액검진 등, 매년 1회)"
26,코퍼,지원본부,총무,경주총무,안전보건,중대재해처벌법,"1. 중대재해 대비 안전점검 실시 및 결과 보고(월 1회)
2. 안전보건 관리책임자, 관리감독자 안전보건 업무 수행 평가 진행(반기 1회)
3. 사내도급사 안전보건수준 평가 진행(반기1회)"
27,,,공통업무,경주총무,정기업무,"예산(경비, 투자) 관리","팀, 본부 단위 예산 수립 및 관리(증액 및 추가 등 포함), 자금 신청, 세금계산서 및 각종 증빙 등에 의한 회계처리"
28,,,공통업무,경주총무,정기업무,조직지원,"팀, 본부 등 조직내 자산, 보안관리, 조사취합, 의전, 물품신청 등 총무지원 업무, 조직도관리, 조직내 인원 및 업무분장표 관리 등"
29,,,공통업무,경주총무,정기업무,교육관련,"조직내 정기교육, 팀 또는 본부내 OJT 교육, 사내외 전문교육 수강, 교육계획 수립 등  "
30,,,공통업무,경주총무,정기업무,근태관리,"연차, 교육, O/T 등에 대한 결재 진행 및 시스템 입력, 팀내 전담 운영"
31,,,공통업무,경주총무,정기업무,국내 및 해외출장관리,"국내, 해외 출장에 필요한 계획수립 및 절차(비자,항공권), 출장수행"
32,,,공통업무,경주총무,정기업무,타부서 요청자료 대응,팀내 수행 업무에 대한 타팀의 요청자료 대응 또는 신규 요청 대응 (RFQ 요청자료 포함)
33,,,공통업무,경주총무,정기업무,문서관리,"심사대응을 위한 각 종 문서관리, 팀내 기록물 관리, 문서화일링 관리, 문서이관, 도면관리 등 "
34,,,공통업무,경주총무,정기업무,"일 업무보고, 업무일지, PLM 또는 팀회의","일간 업무일지 작성 또는 일간 업무보고, 조회, 스탠딩회의, PLM 입력 등"
35,,,공통업무,경주총무,정기업무,주간 업무보고,"주간 정기적 업무보고 또는 회의, 회의준비 (화상회의 포함)"
36,,,공통업무,경주총무,정기업무,월간 업무보고,"월간 정기적 업무보고 또는 회의, 회의준비 (화상회의 포함)"
37,,,공통업무,경주총무,정기업무,현장관리,"3정5행, 실사, 순찰 등의 현장점검 활동"
38,,,공통업무,경주총무,정기업무,"사업계획, 실적, 성과관리","사업계획 수립 및 실적관리, C/F 및 KPI 등의 성과관리"
39,,,공통업무,경주총무,정기업무,외부 심사대응,"인증 주관부서를 제외한 타팀의 각 종 심사대응 (ISO, IATF, 품질5스타 OSHAS, 공정거래 등)"
40,,,공통업무,경주총무,비정기업무,산업재산권 및 특허관리,연구소내 산업재산권 및 특허 출원 관련 수행업무 및 관리업무
41,,,공통업무,경주총무,비정기업무,고객사 요청자료 대응,"당사 직무분류 내에서 정형화 된 고객대응을 제외한 모든 비정기적 고객심사대응, 자료작성, 요청사항 대응, 고객주관 회의 참석"
42,,,공통업무,경주총무,비정기업무,경영진 지시사항 대응,직무적으로 정기적으로 보고하는 사항외의 비정기적 발생되는 경영진 지시사항 대응
43,,,공통업무,경주총무,비정기업무,조직간 협의,타본부 및 타팀과의 업무 조율 및 회의
44,,,공통업무,경주총무,비정기업무,긴급 라인대응 및 리워크 등 불량대응,"물량 부족, 긴급사태, 제품 불량 등에 따른 현장 대응 및 관계 업무"
1,코퍼,지원본부,총무,안전보건,안전보건,산업/연구실안전,"안전보건관리규정, 산업안전보건위원회, 안전관리자 직무, 안전관리 연구실 정밀안전진단 등"
2,코퍼,지원본부,총무,안전보건,안전보건,ISO 45001,"목표관리, 이슈 검토, 위험성평가, 내부심사 및 준수평가, 경영검토, 매뉴얼 및 프로세스 제·개정"
3,코퍼,지원본부,총무,안전보건,안전보건,중대재해처벌법,"안전보건목표 및 방침 관리, 협력사/ 전사 점검 실적 관리, 안전보건 예산 확보 및 실적 관리 등"
4,코퍼,지원본부,총무,안전보건,환경,환경관계법,"환경인허가, 폐수/폐기물/대기/기타 환경관계법령 검토/식별/입수/적용, 법정 자격관리 업무 점검 등"
5,코퍼,지원본부,총무,안전보건,환경,온실가스 관리,"온실가스 인벤토리 구축, 배출량 모니터링 관리, 목표/감축 관리, 재생에너지 사용계획 검토"
6,코퍼,지원본부,총무,안전보건,환경,ISO 14001,"목표관리, 이슈 검토, 환경영향평가, 내부심사 및 준수평가, 경영검토, 매뉴얼 및 프로세스 제·개정"
7,코퍼,지원본부,총무,안전보건,안전보건,산업보건,"감염병 및 응급 질환 대처, 건강관리실 운영, 전사 건강검진 등 "
8,코퍼,지원본부,총무,안전보건,정보보안,관리보안,"보안 정책/지침 및 프로세스 제/개정, 보안교육, 보안점검 활동 등"
9,코퍼,지원본부,총무,안전보건,정보보안,물리보안,"보안구역 관리, 출입통제, CCTV 운영관리 등"
10,코퍼,지원본부,총무,안전보건,정보보안,기술보안,"인프라 취약점진단, 접근제어 정책 수립, 시스템 도입/변경시 보안성 검토 등"
11,코퍼,지원본부,총무,안전보건,정보보안,ISO 27001,"ISO27001, TISAX, 보안수준평가(고객사) 등 각종 외부 심사/평가 준비 및 대응"
12,,,공통업무,안전보건,정기업무,"예산(경비, 투자) 관리","팀, 본부 단위 예산 수립 및 관리(증액 및 추가 등 포함), 자금 신청, 세금계산서 및 각종 증빙 등에 의한 회계처리"
13,,,공통업무,안전보건,정기업무,조직지원,"팀, 본부 등 조직내 자산, 보안관리, 조사취합, 의전, 물품신청 등 총무지원 업무, 조직도관리, 조직내 인원 및 업무분장표 관리 등"
14,,,공통업무,안전보건,정기업무,교육관련,"조직내 정기교육, 팀 또는 본부내 OJT 교육, 사내외 전문교육 수강, 교육계획 수립 등  "
15,,,공통업무,안전보건,정기업무,근태관리,"연차, 교육, O/T 등에 대한 결재 진행 및 시스템 입력, 팀내 전담 운영"
16,,,공통업무,안전보건,정기업무,국내 및 해외출장관리,"국내, 해외 출장에 필요한 계획수립 및 절차(비자,항공권), 출장수행"
17,,,공통업무,안전보건,정기업무,타부서 요청자료 대응,팀내 수행 업무에 대한 타팀의 요청자료 대응 또는 신규 요청 대응 (RFQ 요청자료 포함)
18,,,공통업무,안전보건,정기업무,문서관리,"심사대응을 위한 각 종 문서관리, 팀내 기록물 관리, 문서화일링 관리, 문서이관, 도면관리 등 "
19,,,공통업무,안전보건,정기업무,"일 업무보고, 업무일지, PLM 또는 팀회의","일간 업무일지 작성 또는 일간 업무보고, 조회, 스탠딩회의, PLM 입력 등"
20,,,공통업무,안전보건,정기업무,주간 업무보고,"주간 정기적 업무보고 또는 회의, 회의준비 (화상회의 포함)"
21,,,공통업무,안전보건,정기업무,월간 업무보고,"월간 정기적 업무보고 또는 회의, 회의준비 (화상회의 포함)"
22,,,공통업무,안전보건,정기업무,현장관리,"3정5행, 실사, 순찰 등의 현장점검 활동"
23,,,공통업무,안전보건,정기업무,"사업계획, 실적, 성과관리","사업계획 수립 및 실적관리, C/F 및 KPI 등의 성과관리"
24,,,공통업무,안전보건,정기업무,외부 심사대응,"인증 주관부서를 제외한 타팀의 각 종 심사대응 (ISO, IATF, 품질5스타 ESG 평가, 공정거래 등)"
25,,,공통업무,안전보건,비정기업무,산업재산권 및 특허관리,연구소내 산업재산권 및 특허 출원 관련 수행업무 및 관리업무
26,,,공통업무,안전보건,비정기업무,고객사 요청자료 대응,"당사 직무분류 내에서 정형화 된 고객대응을 제외한 모든 비정기적 고객심사대응, 자료작성, 요청사항 대응, 고객주관 회의 참석"
27,,,공통업무,안전보건,비정기업무,경영진 지시사항 대응,직무적으로 정기적으로 보고하는 사항외의 비정기적 발생되는 경영진 지시사항 대응
28,,,공통업무,안전보건,비정기업무,조직간 협의,타본부 및 타팀과의 업무 조율 및 회의
29,,,공통업무,안전보건,비정기업무,긴급 라인대응 및 리워크 등 불량대응,"물량 부족, 긴급사태, 제품 불량 등에 따른 현장 대응 및 관계 업무"
,,,,인사기획,,,
,,,,인사기획,,,
,,,,인사기획,,,
,,,,인사관리,,,
,,,,인사관리,,,
,,,,인사관리,,,
,,,,안전보건,,,
,,,,안전보건,,,
,,,,안전보건,,,
,,,,경주총무,,,
,,,,경주총무,,,
,,,,경주총무,,,
,,,,진위총무,,,
,,,,진위총무,,,
,,,,진위총무,,,
,,,,청주총무,,,
,,,,청주총무,,,
,,,,청주총무,,,
,,,,판교총무,,,
,,,,판교총무,,,
,,,,판교총무,,,
,,,,평택총무,,,
,,,,평택총무,,,
,,,,평택총무,,,
,,,,화성총무,,,
,,,,화성총무,,,
,,,,화성총무,,,
